freq;indic_de;geo\TIME_PERIOD,2006 ,2007 ,2008 ,2009 ,2010 ,2011 ,2012 ,2013 ,2014 ,2015 ,2016 ,2017 
A;CNMIGRATRT;AL01,: ,: ,: ,: ,: ,: ,: ,: ,-15.9 ,-10.8 ,-9.3 ,-12.6 
A;CNMIGRATRT;AL02,: ,: ,: ,: ,: ,: ,: ,: ,5.9 ,0.2 ,8.8 ,9.7 
A;CNMIGRATRT;AL03,: ,: ,: ,: ,: ,: ,: ,: ,-15.3 ,-12.6 ,-12.7 ,-17.4 
A;CNMIGRATRT;AT11,6.6 ,6.3 ,9.4 ,6.2 ,6.3 ,7.3 ,7.2 ,6.4 ,6.8 ,12.8 ,6.3 ,6.5 
A;CNMIGRATRT;AT12,5.7 ,5.4 ,5.6 ,3.3 ,3.3 ,4.2 ,4.2 ,5.8 ,8.1 ,11.9 ,8.2 ,4.1 
A;CNMIGRATRT;AT13,4.5 ,5.4 ,4.3 ,5.4 ,6.6 ,7.0 ,12.9 ,13.2 ,15.3 ,21.7 ,12.2 ,9.1 
A;CNMIGRATRT;AT21,1.0 ,1.7 ,0.7 ,-0.9 ,-0.7 ,0.4 ,1.1 ,2.8 ,5.0 ,7.6 ,3.0 ,1.8 
A;CNMIGRATRT;AT22,2.3 ,2.0 ,2.1 ,1.8 ,2.5 ,2.9 ,3.2 ,4.7 ,6.4 ,9.9 ,5.2 ,3.5 
A;CNMIGRATRT;AT31,1.3 ,0.6 ,0.9 ,-0.3 ,-0.3 ,1.8 ,2.5 ,4.4 ,7.0 ,10.9 ,5.9 ,4.6 
A;CNMIGRATRT;AT32,0.3 ,-2.1 ,-0.7 ,-1.3 ,0.4 ,2.0 ,2.5 ,3.0 ,5.9 ,11.6 ,4.2 ,3.9 
A;CNMIGRATRT;AT33,1.6 ,1.2 ,2.0 ,1.3 ,2.1 ,3.8 ,4.2 ,6.7 ,7.4 ,11.9 ,7.1 ,4.2 
A;CNMIGRATRT;AT34,0.8 ,0.3 ,0.5 ,0.4 ,-0.9 ,1.2 ,1.6 ,4.6 ,5.4 ,11.6 ,8.3 ,4.7 
A;CNMIGRATRT;BE10,5.6 ,9.9 ,11.0 ,10.9 ,18.3 ,11.6 ,4.2 ,-1.2 ,1.5 b,6.9 ,-9.3 ,-2.0 
A;CNMIGRATRT;BE21,5.2 ,6.7 ,6.2 ,5.3 ,8.5 ,7.0 ,3.9 ,2.4 ,3.3 b,4.9 ,3.5 ,4.3 
A;CNMIGRATRT;BE22,4.4 ,5.1 ,5.2 ,3.9 ,4.6 ,3.6 ,2.3 ,1.5 ,2.2 b,5.5 ,2.0 ,3.0 
A;CNMIGRATRT;BE23,4.9 ,5.9 ,6.5 ,6.5 ,7.5 ,4.9 ,3.2 ,4.4 ,4.1 b,6.3 ,5.7 ,5.0 
A;CNMIGRATRT;BE24,5.9 ,5.4 ,6.3 ,5.9 ,6.9 ,6.2 ,4.7 ,3.6 ,4.0 b,6.4 ,6.1 ,6.1 
A;CNMIGRATRT;BE25,3.4 ,3.9 ,4.0 ,3.8 ,5.0 ,5.1 ,3.4 ,2.9 ,3.4 b,4.4 ,4.3 ,5.1 
A;CNMIGRATRT;BE31,8.3 ,6.0 ,4.2 ,8.0 ,6.8 ,6.7 ,5.5 ,4.5 ,5.9 b,7.8 ,4.1 ,3.9 
A;CNMIGRATRT;BE32,3.3 ,3.7 ,3.3 ,4.2 ,5.3 ,4.7 ,4.4 ,2.7 ,2.6 b,3.5 ,1.6 ,2.1 
A;CNMIGRATRT;BE33,6.1 ,5.8 ,5.3 ,6.4 ,7.9 ,6.3 ,4.0 ,1.9 ,2.2 b,4.4 ,2.1 ,2.2 
A;CNMIGRATRT;BE34,7.2 ,8.2 ,8.7 ,6.2 ,5.8 ,8.0 ,4.4 ,-0.2 ,4.9 b,8.9 ,3.9 ,0.3 
A;CNMIGRATRT;BE35,5.8 ,5.6 ,5.6 ,6.4 ,8.0 ,6.7 ,3.7 ,2.5 ,4.9 b,6.6 ,4.1 ,2.6 
A;CNMIGRATRT;BG31,-8.9 ,-8.8 ,-8.8 ,-9.0 ,-8.9 ,-3.0 ,-4.3 ,-5.4 ,-5.0 ,-4.9 ,-6.7 ,-5.5 
A;CNMIGRATRT;BG32,-7.1 ,-6.7 ,-6.6 ,-6.2 ,-5.9 ,-2.1 ,-2.3 ,-2.6 ,-3.7 ,-3.3 ,-3.6 ,-3.3 
A;CNMIGRATRT;BG33,-2.2 ,-2.2 ,-2.6 ,-2.4 ,-2.5 ,-1.1 ,-0.5 ,1.0 ,-0.1 ,-0.4 ,-0.5 ,-0.1 
A;CNMIGRATRT;BG34,-4.1 ,-4.0 ,-3.9 ,-3.9 ,-3.9 ,-1.3 ,-0.1 ,0.1 ,-0.1 ,-0.6 ,-1.3 ,-1.0 
A;CNMIGRATRT;BG41,4.8 ,4.3 ,3.7 ,3.3 ,3.0 ,2.2 ,2.6 ,3.1 ,2.5 ,2.2 ,1.2 ,0.8 
A;CNMIGRATRT;BG42,-3.9 ,-3.6 ,-3.6 ,-3.5 ,-3.2 ,-1.8 ,-1.2 ,-1.5 ,-0.2 ,-1.0 ,-1.4 ,0.1 
A;CNMIGRATRT;CH01,6.8 ,10.3 ,17.1 ,13.6 ,10.1 ,9.7 ,7.0 ,14.0 ,12.1 ,11.3 ,8.5 ,6.6 
A;CNMIGRATRT;CH02,3.9 ,6.4 ,7.6 ,5.7 ,5.3 ,7.3 ,9.2 ,10.1 ,8.5 ,7.7 ,7.9 ,3.8 
A;CNMIGRATRT;CH03,4.4 ,7.6 ,11.5 ,9.5 ,8.5 ,6.8 ,8.7 ,10.3 ,9.5 ,8.7 ,9.6 ,6.4 
A;CNMIGRATRT;CH04,6.2 ,15.3 ,15.8 ,10.3 ,9.2 ,10.1 ,7.8 ,8.3 ,10.1 ,9.9 ,10.3 ,6.9 
A;CNMIGRATRT;CH05,2.2 ,7.2 ,10.0 ,6.6 ,5.5 ,7.5 ,7.3 ,8.0 ,6.7 ,5.7 ,5.5 ,3.8 
A;CNMIGRATRT;CH06,4.4 ,9.8 ,11.0 ,6.1 ,6.3 ,7.6 ,7.7 ,7.8 ,7.4 ,7.5 ,7.7 ,5.5 
A;CNMIGRATRT;CH07,7.9 ,11.3 ,12.0 ,8.7 ,12.6 ,9.4 ,14.3 ,14.8 ,11.0 ,5.5 ,7.4 ,-0.6 
A;CNMIGRATRT;CY00,13.7 ,19.9 ,21.1 ,22.0 ,19.2 ,21.3 ,-0.7 ,-14.0 ,-17.4 ,-2.4 ,2.9 ,7.2 
A;CNMIGRATRT;CZ01,3.2 ,17.4 ,13.9 ,9.4 ,2.9 ,4.6 ,2.7 ,-4.3 ,10.7 ,4.8 ,8.1 ,8.5 
A;CNMIGRATRT;CZ02,14.1 ,20.6 ,21.3 ,11.6 ,11.8 ,9.8 ,8.4 ,7.1 ,8.2 ,7.6 ,7.5 ,8.7 
A;CNMIGRATRT;CZ03,4.0 ,7.0 ,8.3 ,1.9 ,0.2 ,0.9 ,1.3 ,1.4 ,1.9 ,2.3 ,2.4 ,3.0 
A;CNMIGRATRT;CZ04,-1.1 ,7.2 ,2.5 ,-2.2 ,-1.5 ,-0.7 ,-1.5 ,-1.3 ,-1.1 ,-1.0 ,-1.2 ,0.0 
A;CNMIGRATRT;CZ05,2.8 ,4.8 ,4.6 ,0.5 ,0.4 ,0.0 ,-0.5 ,-0.5 ,0.0 ,0.4 ,0.3 ,1.5 
A;CNMIGRATRT;CZ06,2.1 ,5.8 ,3.9 ,2.0 ,1.3 ,0.8 ,0.6 ,-0.1 ,0.4 ,0.5 ,0.9 ,1.8 
A;CNMIGRATRT;CZ07,0.2 ,1.5 ,-0.1 ,-0.7 ,-0.8 ,-0.5 ,-1.1 ,-1.1 ,-0.9 ,-0.5 ,-1.2 ,-0.6 
A;CNMIGRATRT;CZ08,-1.7 ,-0.8 ,-0.7 ,-2.8 ,-3.5 ,-2.0 ,-2.2 ,-2.5 ,-2.5 ,-2.2 ,-1.9 ,-2.1 
A;CNMIGRATRT;DE11,-0.8 ,0.2 ,-0.1 ,-1.0 ,0.8 ,4.1 ,6.5 ,7.0 ,8.9 ,15.4 ,6.5 ,6.6 
A;CNMIGRATRT;DE12,1.4 ,2.6 ,1.4 ,1.7 ,2.8 ,4.5 ,7.2 ,7.6 ,7.8 ,16.2 ,6.9 ,6.9 
A;CNMIGRATRT;DE13,1.5 ,1.7 ,0.3 ,1.0 ,2.3 ,4.8 ,6.5 ,6.9 ,8.8 ,16.0 ,7.0 ,7.1 
A;CNMIGRATRT;DE14,0.0 ,0.3 ,0.2 ,0.3 ,0.5 ,2.5 ,5.0 ,5.2 ,8.2 ,16.1 ,5.6 ,6.0 
A;CNMIGRATRT;DE21,9.1 ,7.1 ,4.5 ,2.2 ,7.8 ,10.9 ,11.4 ,11.3 ,10.0 ,14.2 ,8.0 ,2.1 
A;CNMIGRATRT;DE22,-0.7 ,2.0 ,-0.1 ,0.3 ,2.5 ,5.6 ,7.2 ,9.1 ,9.3 ,14.7 ,7.7 ,10.7 
A;CNMIGRATRT;DE23,0.3 ,0.8 ,-0.4 ,0.2 ,2.1 ,3.3 ,5.1 ,5.7 ,6.5 ,11.3 ,7.3 ,7.3 
A;CNMIGRATRT;DE24,-2.5 ,-1.6 ,-1.9 ,-1.2 ,-0.4 ,0.8 ,2.0 ,2.5 ,3.6 ,8.0 ,6.6 ,8.2 
A;CNMIGRATRT;DE25,2.1 ,2.3 ,0.8 ,0.7 ,2.9 ,7.4 ,8.0 ,7.1 ,6.0 ,15.4 ,7.2 ,6.6 
A;CNMIGRATRT;DE26,-1.0 ,-0.4 ,-3.3 ,-1.6 ,-0.3 ,0.3 ,1.8 ,3.1 ,2.8 ,8.2 ,4.1 ,5.2 
A;CNMIGRATRT;DE27,0.1 ,2.0 ,0.3 ,0.7 ,1.8 ,4.6 ,7.1 ,9.0 ,9.3 ,14.7 ,6.6 ,8.6 
A;CNMIGRATRT;DE30,3.2 ,3.5 ,4.5 ,3.1 ,4.9 ,13.9 ,14.0 ,13.1 ,12.5 ,13.3 ,13.5 ,9.1 
A;CNMIGRATRT;DE40,-1.3 ,-1.6 ,-2.1 ,-0.9 ,0.3 ,0.6 ,2.6 ,4.5 ,7.5 ,15.6 ,7.9 ,8.3 
A;CNMIGRATRT;DE50,3.3 ,1.2 ,0.9 ,3.1 ,1.4 ,4.2 ,6.8 ,7.3 ,8.7 ,16.4 ,11.6 ,4.7 
A;CNMIGRATRT;DE60,6.6 ,9.5 ,1.0 ,1.4 ,6.7 ,7.3 ,8.9 ,6.4 ,8.1 ,12.6 ,10.5 ,9.1 
A;CNMIGRATRT;DE71,-1.1 ,2.1 ,1.5 ,2.7 ,3.7 ,8.3 ,8.0 ,8.9 ,10.7 ,15.4 ,6.7 ,6.5 
A;CNMIGRATRT;DE72,-2.0 ,-1.9 ,-2.2 ,-1.6 ,-0.5 ,0.8 ,0.7 ,3.0 ,8.2 ,13.6 ,5.3 ,4.6 
A;CNMIGRATRT;DE73,-3.5 ,-1.7 ,-2.3 ,-1.4 ,-0.1 ,1.1 ,1.8 ,3.0 ,4.6 ,14.6 ,6.8 ,4.2 
A;CNMIGRATRT;DE80,-5.2 ,-5.5 ,-6.3 ,-4.7 ,-2.1 ,-1.2 ,-0.2 ,2.2 ,5.5 ,12.6 ,3.3 ,5.0 
A;CNMIGRATRT;DE91,-1.9 ,-1.9 ,-2.2 ,-0.2 ,-0.5 ,1.8 ,3.2 ,5.0 ,6.8 ,15.7 ,1.6 ,3.8 
A;CNMIGRATRT;DE92,0.8 ,1.1 ,-0.8 ,0.2 ,1.5 ,3.1 ,4.5 ,5.6 ,7.5 ,14.9 ,5.7 ,5.0 
A;CNMIGRATRT;DE93,1.5 ,1.1 ,0.1 ,1.4 ,2.1 ,1.7 ,3.8 ,5.5 ,7.5 ,16.5 ,5.1 ,4.5 
A;CNMIGRATRT;DE94,1.7 ,2.0 ,0.3 ,1.0 ,2.5 ,3.0 ,3.9 ,4.3 ,7.4 ,16.4 ,5.2 ,5.4 
A;CNMIGRATRT;DEA1,0.8 ,0.9 ,-0.4 ,-0.2 ,1.1 ,2.4 ,4.1 ,5.2 ,6.5 ,15.8 ,5.3 ,3.8 
A;CNMIGRATRT;DEA2,2.1 ,2.2 ,-0.2 ,0.6 ,3.3 ,4.9 ,5.3 ,5.7 ,7.5 ,15.0 ,4.2 ,4.1 
A;CNMIGRATRT;DEA3,0.3 ,-0.4 ,-1.5 ,-0.7 ,0.9 ,4.0 ,2.5 ,3.4 ,4.5 ,15.0 ,3.4 ,2.3 
A;CNMIGRATRT;DEA4,-1.1 ,-2.0 ,-2.8 ,-1.8 ,-0.7 ,-0.2 ,1.4 ,1.9 ,4.2 ,15.7 ,-0.7 ,1.5 
A;CNMIGRATRT;DEA5,-2.0 ,-2.0 ,-3.1 ,-2.8 ,-1.2 ,0.6 ,1.2 ,2.1 ,5.2 ,14.9 ,0.0 ,2.2 
A;CNMIGRATRT;DEB1,-1.8 ,-0.9 ,-2.4 ,-1.7 ,-0.9 ,-0.1 ,1.7 ,3.1 ,5.8 ,11.4 ,5.8 ,4.1 
A;CNMIGRATRT;DEB2,7.3 ,2.5 ,1.3 ,-0.2 ,1.6 ,2.6 ,2.7 ,4.6 ,7.7 ,23.4 ,-5.6 ,3.9 
A;CNMIGRATRT;DEB3,1.6 ,1.3 ,-1.8 ,0.0 ,1.7 ,3.6 ,4.8 ,5.3 ,7.7 ,11.8 ,7.8 ,4.6 
A;CNMIGRATRT;DEC0,-2.0 ,-1.5 ,-0.9 ,-2.0 ,0.2 ,1.2 ,1.9 ,2.4 ,3.6 ,12.6 ,5.8 ,2.5 
A;CNMIGRATRT;DED2,-0.5 ,-3.9 ,-2.8 ,-1.2 ,-0.1 ,0.9 ,2.7 ,3.0 ,3.8 ,9.9 ,1.2 ,2.5 
A;CNMIGRATRT;DED4,: ,: ,: ,: ,: ,-2.9 ,-1.3 ,-0.7 ,2.4 ,8.4 ,-1.5 ,0.6 
A;CNMIGRATRT;DED5,: ,: ,: ,: ,: ,7.3 ,10.5 ,10.8 ,14.7 ,19.3 ,12.2 ,12.2 
A;CNMIGRATRT;DEE0,-6.4 ,-7.1 ,-7.7 ,-5.2 ,-3.3 ,-3.2 ,-1.7 ,-0.1 ,2.1 ,11.1 ,1.8 ,0.8 
A;CNMIGRATRT;DEF0,3.0 ,3.6 ,1.7 ,2.4 ,3.8 ,4.2 ,4.9 ,7.2 ,8.4 ,13.3 ,11.0 ,6.0 
A;CNMIGRATRT;DEG0,-6.1 ,-5.8 ,-5.5 ,-3.5 ,-2.5 ,-1.9 ,-0.6 ,0.3 ,2.3 ,11.5 ,-1.3 ,2.0 
A;CNMIGRATRT;DK01,: ,2.7 ,6.9 ,7.9 ,8.0 ,5.9 ,7.0 ,7.3 ,7.3 ,8.6 ,6.2 ,4.6 
A;CNMIGRATRT;DK02,: ,4.6 ,2.7 ,0.3 ,0.3 ,-0.2 ,0.4 ,3.0 ,6.8 ,10.6 ,7.9 ,5.2 
A;CNMIGRATRT;DK03,: ,3.3 ,2.8 ,0.1 ,-0.4 ,0.6 ,0.2 ,1.3 ,3.1 ,5.3 ,4.4 ,3.0 
A;CNMIGRATRT;DK04,: ,5.0 ,5.5 ,2.1 ,2.7 ,1.9 ,2.6 ,2.4 ,2.3 ,6.3 ,5.9 ,4.8 
A;CNMIGRATRT;DK05,: ,3.3 ,2.3 ,-1.4 ,0.4 ,0.8 ,0.9 ,2.7 ,3.3 ,5.7 ,3.4 ,2.9 
A;CNMIGRATRT;EE00,-4.0 ,-2.1 ,-1.5 ,-1.6 ,-2.8 ,-2.9 ,-2.8 ,-2.0 ,-0.5 ,1.8 b,0.8 ,4.0 
A;CNMIGRATRT;EL30,1.1 ,0.7 ,0.2 ,-1.0 ,-4.0 ,-8.0 ,-12.7 ,-11.9 ,-9.7 ,-9.2 ,-0.6 ,-2.2 
A;CNMIGRATRT;EL41,-1.5 ,5.4 ,6.0 ,5.7 ,5.3 ,1.3 ,-1.8 ,-1.2 ,-0.9 ,-1.0 ,38.4 ,39.2 
A;CNMIGRATRT;EL42,5.4 ,3.3 ,3.3 ,-1.1 ,0.7 ,0.8 ,-2.4 ,-1.2 ,-1.2 ,-1.2 ,8.9 ,6.0 
A;CNMIGRATRT;EL43,4.2 ,3.9 ,4.4 ,3.7 ,3.1 ,1.5 ,-0.5 ,0.1 ,0.1 ,0.1 ,0.3 ,1.5 
A;CNMIGRATRT;EL51,5.3 ,4.9 ,5.6 ,2.8 ,3.4 ,2.4 ,-0.3 ,0.1 ,0.7 ,0.8 ,1.1 ,2.4 
A;CNMIGRATRT;EL52,3.4 ,2.6 ,2.7 ,2.6 ,1.1 ,-1.5 ,-3.8 ,-3.3 ,-2.7 ,-2.7 ,1.0 ,1.6 
A;CNMIGRATRT;EL53,-0.3 ,0.7 ,1.2 ,0.4 ,-0.4 ,-3.8 ,-6.2 ,-5.6 ,-4.6 ,-4.7 ,-4.2 ,-3.2 
A;CNMIGRATRT;EL54,4.3 ,4.0 ,4.0 ,3.5 ,2.4 ,-0.8 ,-3.3 ,-2.6 ,-2.1 ,-2.2 ,-0.4 ,2.5 
A;CNMIGRATRT;EL61,2.1 ,2.2 ,2.5 ,2.5 ,1.6 ,-0.8 ,-2.8 ,-2.4 ,-2.0 ,-2.1 ,-0.8 ,-0.6 
A;CNMIGRATRT;EL62,3.8 ,3.4 ,3.9 ,3.7 ,3.3 ,1.1 ,-1.0 ,-0.3 ,0.0 ,-0.1 ,0.2 ,0.4 
A;CNMIGRATRT;EL63,-0.7 ,-0.5 ,-0.6 ,-0.7 ,-1.4 ,-3.1 ,-5.2 ,-4.6 ,-3.9 ,-4.0 ,-3.3 ,-2.8 
A;CNMIGRATRT;EL64,2.6 ,3.3 ,4.5 ,5.4 ,4.9 ,3.2 ,1.2 ,1.7 ,1.3 ,1.3 ,4.1 ,4.9 
A;CNMIGRATRT;EL65,3.4 ,3.7 ,4.5 ,4.5 ,4.2 ,2.5 ,0.7 ,1.2 ,1.3 ,1.4 ,1.4 ,1.7 
A;CNMIGRATRT;ES11,6.9 ,8.0 ,6.9 ,4.6 ,3.1 ,2.4 ,-0.1 ,-1.5 ,-0.8 ,-0.8 ,1.0 ,2.4 
A;CNMIGRATRT;ES12,6.1 ,9.9 ,9.1 ,5.0 ,3.5 ,3.1 ,-0.9 ,-2.6 ,-2.7 ,-1.8 ,0.2 ,0.4 
A;CNMIGRATRT;ES13,13.1 ,16.3 ,12.1 ,6.4 ,3.8 ,3.0 ,-2.7 ,-2.7 ,-1.7 ,-2.0 ,1.2 ,2.8 
A;CNMIGRATRT;ES21,6.3 ,7.2 ,5.9 ,1.9 ,0.8 ,0.1 ,-3.6 ,-4.3 ,-0.6 ,0.8 ,2.9 ,3.7 
A;CNMIGRATRT;ES22,15.2 ,20.4 ,14.2 ,6.4 ,3.6 ,2.1 ,-3.8 ,-5.1 ,-1.1 ,1.2 ,4.2 ,5.6 
A;CNMIGRATRT;ES23,16.4 ,24.5 ,9.2 ,-1.4 ,1.3 ,-0.6 ,-7.7 ,-10.9 ,-5.1 ,-1.3 ,0.4 ,2.4 
A;CNMIGRATRT;ES24,16.7 ,24.1 ,12.8 ,1.2 ,0.3 ,0.3 ,-2.8 ,-4.0 ,-2.1 ,-3.7 ,0.0 ,0.6 
A;CNMIGRATRT;ES30,14.9 ,19.1 ,10.2 ,1.8 ,-1.9 ,0.1 ,-5.8 ,-9.3 ,-2.4 ,3.3 ,5.4 ,9.1 
A;CNMIGRATRT;ES41,10.3 ,13.8 ,5.3 ,1.9 ,1.8 ,-0.2 ,-3.9 ,-5.3 ,-3.1 ,-4.7 ,-2.8 ,-1.6 
A;CNMIGRATRT;ES42,26.1 ,28.9 ,14.5 ,6.5 ,4.8 ,1.7 ,-6.1 ,-9.6 ,-6.0 ,-5.9 ,-3.2 ,-2.5 
A;CNMIGRATRT;ES43,6.7 ,7.9 ,4.3 ,4.9 ,3.1 ,2.4 ,-1.3 ,-2.2 ,-2.9 ,-3.7 ,-4.6 ,-3.7 
A;CNMIGRATRT;ES51,16.4 ,18.7 ,11.8 ,1.5 ,0.7 ,0.1 ,-6.5 ,-10.1 ,-4.0 ,0.8 ,3.7 ,6.3 
A;CNMIGRATRT;ES52,22.4 ,23.0 ,7.3 ,-0.8 ,-0.4 ,0.4 ,-5.6 ,-6.9 ,-4.0 ,-1.3 ,0.7 ,3.1 
A;CNMIGRATRT;ES53,30.8 ,32.2 ,20.9 ,8.6 ,3.4 ,5.0 ,5.8 ,2.6 ,5.6 ,7.3 ,11.2 ,12.1 
A;CNMIGRATRT;ES61,11.1 ,12.6 ,7.3 ,4.0 ,3.4 ,2.6 ,-0.3 ,-2.4 ,-0.6 ,-0.5 ,-0.6 ,-0.3 
A;CNMIGRATRT;ES62,19.2 ,18.0 ,9.3 ,2.4 ,-1.7 ,-3.0 ,-4.1 ,-4.2 ,-2.7 ,-1.4 ,1.3 ,-0.7 
A;CNMIGRATRT;ES63,10.8 ,6.6 ,13.3 ,22.6 ,20.8 ,19.0 ,0.6 ,-5.0 ,-8.0 ,-7.5 ,-2.0 ,-3.6 
A;CNMIGRATRT;ES64,17.5 ,22.8 ,18.3 ,24.3 ,24.1 ,24.3 ,9.5 ,-9.5 ,-5.2 ,-9.4 ,-9.3 ,-12.8 
A;CNMIGRATRT;ES70,20.0 ,19.9 ,13.1 ,6.7 ,6.9 ,8.3 ,7.7 ,3.5 ,4.4 ,3.8 ,8.7 ,9.9 
A;CNMIGRATRT;FI19,2.0 ,2.9 ,2.4 ,2.6 ,2.3 ,2.8 ,2.6 ,2.2 ,1.8 ,1.3 ,1.9 ,1.2 
A;CNMIGRATRT;FI1B,5.4 ,6.2 ,6.7 ,5.6 ,4.8 ,6.2 ,7.1 ,7.5 ,7.2 ,6.8 ,7.9 ,7.8 
A;CNMIGRATRT;FI1C,2.7 ,2.8 ,3.2 ,2.8 ,3.1 ,2.6 ,2.5 ,2.4 ,1.3 ,0.7 ,1.7 ,1.1 
A;CNMIGRATRT;FI1D,-2.4 ,-2.0 ,-1.4 ,-0.7 ,-0.4 ,-0.1 ,-0.1 ,0.1 ,-0.3 ,-0.9 ,-0.5 ,-2.2 
A;CNMIGRATRT;FI20,4.4 ,7.1 ,9.5 ,9.3 ,7.9 ,12.0 ,6.3 ,5.1 ,7.6 ,2.7 ,8.1 ,7.9 
A;CNMIGRATRT;FR10,-4.1 ,-4.3 ,-3.5 ,-4.5 ,-3.9 ,-5.5 ,-4.0 p,-3.4 ,-4.8 ,-5.8 ,-5.6 ,-5.7 
A;CNMIGRATRT;FR21,-2.6 ,-4.1 ,-2.8 ,-4.1 ,-2.6 ,-0.2 ,-2.1 p,-1.6 ,-2.7 p,-2.1 p,-2.1 p,: 
A;CNMIGRATRT;FR22,-1.6 ,-1.1 ,-1.8 ,-2.1 ,-2.6 ,-2.0 ,-1.1 p,-1.9 ,-2.4 p,-1.8 p,-1.8 p,: 
A;CNMIGRATRT;FR23,-1.2 ,0.5 ,-0.3 ,-1.8 ,-2.9 ,-0.9 ,-1.6 p,0.2 ,-1.4 p,-0.9 p,-0.9 p,: 
A;CNMIGRATRT;FR24,0.2 ,-0.6 ,0.3 ,1.6 ,1.1 ,0.3 ,0.8 p,1.2 ,-1.2 p,0.3 p,0.3 p,: 
A;CNMIGRATRT;FR25,0.5 ,2.0 ,0.5 ,0.1 ,0.1 ,-0.4 ,0.4 p,0.2 ,-0.2 p,0.1 p,0.1 p,: 
A;CNMIGRATRT;FR26,2.4 ,2.2 ,1.9 ,-0.4 ,0.1 ,-0.9 ,1.3 p,0.4 ,-0.5 p,0.4 p,0.4 p,: 
A;CNMIGRATRT;FR30,-4.5 ,-4.4 ,-2.9 ,-3.8 ,-4.1 ,-3.0 ,-2.1 p,-0.7 ,-4.3 p,-2.4 p,-2.4 p,: 
A;CNMIGRATRT;FR41,-1.2 ,0.1 ,-1.0 ,-2.1 ,-2.5 ,-2.4 ,-3.6 p,-2.7 ,-1.9 p,-2.8 p,-2.8 p,: 
A;CNMIGRATRT;FR42,1.6 ,0.7 ,-1.2 ,-2.7 ,-0.8 ,-0.1 ,0.8 p,-0.9 ,-0.5 p,-0.2 p,-0.2 p,: 
A;CNMIGRATRT;FR43,2.6 ,0.4 ,-0.4 ,-0.6 ,-2.3 ,-1.3 ,-1.6 p,-1.8 ,-1.2 p,-1.5 p,-1.5 p,: 
A;CNMIGRATRT;FR51,4.2 ,3.3 ,3.7 ,4.7 ,3.8 ,4.5 ,4.1 p,4.8 ,4.1 p,4.3 p,4.2 p,: 
A;CNMIGRATRT;FR52,5.7 ,7.2 ,5.8 ,5.6 ,4.0 ,4.2 ,5.5 p,4.6 ,4.3 p,4.7 p,4.7 p,: 
A;CNMIGRATRT;FR53,8.3 ,6.8 ,3.8 ,5.3 ,3.8 ,3.5 ,3.7 p,5.3 ,3.3 p,4.1 p,4.1 p,: 
A;CNMIGRATRT;FR61,8.5 ,7.2 ,7.8 ,7.0 ,5.6 ,8.5 ,8.8 p,7.4 ,7.5 p,7.8 p,7.7 p,: 
A;CNMIGRATRT;FR62,9.8 ,7.8 ,6.6 ,4.8 ,5.7 ,5.9 ,7.7 p,7.0 ,5.8 p,6.7 p,6.7 p,: 
A;CNMIGRATRT;FR63,10.3 ,7.2 ,3.9 ,3.8 ,0.3 ,-0.7 ,1.2 p,4.1 ,2.7 p,2.7 p,2.7 p,: 
A;CNMIGRATRT;FR71,1.4 ,2.7 ,3.5 ,3.7 ,2.8 ,3.5 ,4.0 p,4.3 ,3.9 p,3.9 p,3.7 p,: 
A;CNMIGRATRT;FR72,2.2 ,2.2 ,2.1 ,3.2 ,2.9 ,3.1 ,3.8 p,3.1 ,3.3 p,3.3 p,3.0 p,: 
A;CNMIGRATRT;FR81,8.2 ,6.0 ,9.1 ,7.9 ,10.9 ,9.3 ,9.6 p,6.5 ,8.3 p,8.3 p,7.3 p,: 
A;CNMIGRATRT;FR82,7.2 ,1.3 ,-1.5 ,-0.5 ,0.6 ,1.2 ,1.2 p,3.4 ,1.9 p,1.9 p,2.3 p,: 
A;CNMIGRATRT;FR83,16.9 ,12.1 ,8.5 ,12.6 ,15.3 ,5.3 ,12.1 p,12.8 ,9.9 p,9.8 p,11.2 p,: 
A;CNMIGRATRT;FRA1,: ,: ,: ,: ,: ,: ,: ,-11.8 ,-11.5 p,-11.6 p,-10.2 p,: 
A;CNMIGRATRT;FRA2,-6.8 ,-6.3 ,-9.6 ,-11.7 ,-10.0 ,-14.5 ,-11.5 p,-7.4 ,-11.8 p,-11.9 p,-10.0 p,: 
A;CNMIGRATRT;FRA3,7.2 ,2.5 ,-1.3 ,-4.0 ,13.7 ,-14.4 ,-5.6 p,10.1 ,-3.1 p,-3.1 p,3.6 p,: 
A;CNMIGRATRT;FRA4,2.5 ,4.1 ,-3.3 ,-6.6 ,-3.0 ,-5.7 ,-10.7 p,-2.5 ,-6.5 p,-6.5 p,-4.9 p,: 
A;CNMIGRATRT;FRA5,: ,: ,: ,: ,: ,: ,: ,: ,: ,-0.6 p,3.4 p,: 
A;CNMIGRATRT;FRB0,0.2 ,-0.6 ,0.3 ,1.6 ,1.1 ,0.3 p,0.8 p,1.2 ,-1.2 ,-0.8 ,-1.2 ,-1.5 
A;CNMIGRATRT;FRC1,2.4 ,2.2 ,1.9 ,-0.4 ,0.1 ,-0.9 p,1.3 p,0.4 ,-0.5 ,-0.6 ,-1.1 ,-1.5 
A;CNMIGRATRT;FRC2,2.6 ,0.4 ,-0.4 ,-0.6 ,-2.3 ,-1.3 p,-1.6 p,-1.8 ,-1.2 ,-1.2 ,-2.3 ,-2.7 
A;CNMIGRATRT;FRD1,0.5 ,2.0 ,0.5 ,0.1 ,0.1 ,-0.4 p,0.4 p,0.2 ,-0.2 ,-0.8 ,-1.1 ,-1.5 
A;CNMIGRATRT;FRD2,-1.2 ,0.5 ,-0.3 ,-1.8 ,-2.9 ,-0.9 p,-1.6 p,0.2 ,-1.4 ,-3.1 ,-2.3 ,-2.6 
A;CNMIGRATRT;FRE1,-4.5 ,-4.4 ,-2.9 ,-3.8 ,-4.1 ,-3.0 p,-2.1 p,-0.7 ,-4.3 ,-4.5 ,-4.1 ,-4.4 
A;CNMIGRATRT;FRE2,-1.6 ,-1.1 ,-1.8 ,-2.1 ,-2.6 ,-2.0 p,-1.1 p,-1.9 ,-2.4 ,-2.5 ,-3.1 ,-3.5 
A;CNMIGRATRT;FRF1,1.6 ,0.7 ,-1.2 ,-2.7 ,-0.8 ,-0.1 p,0.8 p,-0.9 ,-0.5 ,-0.2 ,-1.4 ,-1.7 
A;CNMIGRATRT;FRF2,-2.6 ,-4.1 ,-2.8 ,-4.1 ,-2.6 ,-0.2 p,-2.1 p,-1.6 ,-2.7 ,-4.6 ,-3.9 ,-4.2 
A;CNMIGRATRT;FRF3,-1.2 ,0.1 ,-1.0 ,-2.1 ,-2.5 ,-2.4 p,-3.6 p,-2.7 ,-1.9 ,-2.1 ,-3.1 ,-3.5 
A;CNMIGRATRT;FRG0,4.2 ,3.3 ,3.7 ,4.7 ,3.8 ,4.5 p,4.1 p,4.8 ,4.1 ,2.9 ,3.0 ,2.7 
A;CNMIGRATRT;FRH0,5.7 ,7.2 ,5.8 ,5.6 ,4.0 ,4.2 p,5.5 p,4.6 ,4.3 ,3.9 ,3.4 ,3.0 
A;CNMIGRATRT;FRI1,8.5 ,7.2 ,7.8 ,7.0 ,5.6 ,8.5 p,8.8 p,7.4 ,7.5 ,6.9 ,6.3 ,5.9 
A;CNMIGRATRT;FRI2,10.3 ,7.2 ,3.9 ,3.8 ,0.3 ,-0.7 p,1.2 p,4.1 ,2.7 ,1.4 ,1.8 ,1.5 
A;CNMIGRATRT;FRI3,8.3 ,6.8 ,3.8 ,5.3 ,3.8 ,3.5 p,3.7 p,5.3 ,3.3 ,3.6 ,3.2 ,2.8 
A;CNMIGRATRT;FRJ1,8.2 ,6.0 ,9.1 ,7.9 ,10.9 ,9.3 p,9.6 p,6.5 ,6.3 ,6.8 ,5.6 ,5.3 
A;CNMIGRATRT;FRJ2,9.8 ,7.8 ,6.6 ,4.8 ,5.7 ,5.9 p,7.7 p,7.0 ,5.8 ,3.7 ,4.5 ,4.2 
A;CNMIGRATRT;FRK1,2.2 ,2.2 ,2.1 ,3.2 ,2.9 ,3.1 p,3.8 p,3.1 ,2.2 ,2.6 ,1.8 ,1.4 
A;CNMIGRATRT;FRK2,1.4 ,2.7 ,3.5 ,3.7 ,2.8 ,3.5 p,4.0 p,4.3 ,3.1 ,1.3 ,2.0 ,1.7 
A;CNMIGRATRT;FRL0,7.2 ,1.3 ,-1.5 ,-0.5 ,0.6 ,1.2 p,1.2 p,3.4 ,2.3 ,1.0 ,1.3 ,1.1 
A;CNMIGRATRT;FRM0,16.9 ,12.1 ,8.5 ,12.6 ,15.3 ,5.3 p,12.1 p,12.8 ,9.6 ,10.4 ,9.8 ,9.5 
A;CNMIGRATRT;FRY1,: ,: ,: ,: ,: ,: ,: ,-11.8 ,-8.9 ,-14.2 ,-12.4 ,-13.0 
A;CNMIGRATRT;FRY2,-6.8 ,-6.3 ,-9.6 ,-11.7 ,-10.0 ,-14.5 p,-11.5 p,-7.4 ,-10.7 ,-14.0 ,-11.5 ,-12.0 
A;CNMIGRATRT;FRY3,7.2 ,2.5 ,-1.3 ,-4.0 ,13.7 ,-14.4 p,-5.6 p,10.1 ,6.7 ,13.3 ,8.9 ,7.9 
A;CNMIGRATRT;FRY4,2.5 ,4.1 ,-3.3 ,-6.6 ,-3.0 ,-5.7 p,-10.7 p,-2.5 ,-2.1 ,-8.5 ,-4.9 ,-5.3 
A;CNMIGRATRT;FRY5,: ,: ,: ,: ,: ,: ,: ,: ,7.7 ,1.8 ,3.4 ,2.9 
A;CNMIGRATRT;HR03,6.3 ,5.1 ,3.3 ,1.8 ,-0.5 ,-0.3 ,0.0 ,0.7 ,-0.3 ,-2.1 ,-1.7 ,-2.4 
A;CNMIGRATRT;HR04,0.4 ,0.6 ,0.5 ,-0.6 ,-1.2 ,-1.3 ,-1.4 ,-2.0 ,-3.5 ,-5.4 ,-7.2 ,-10.4 
A;CNMIGRATRT;HU10,8.2 ,11.0 ,11.3 ,10.7 ,9.0 ,7.2 p,6.9 ,6.3 ,8.1 ,6.2 ,4.1 ,: 
A;CNMIGRATRT;HU11,: ,: ,: ,: ,: ,: ,: ,8.0 ,9.8 ,4.2 ,-1.2 ,1.5 
A;CNMIGRATRT;HU12,: ,: ,: ,: ,: ,: ,: ,3.8 ,5.7 ,9.0 ,11.7 ,13.5 
A;CNMIGRATRT;HU21,2.6 ,0.8 ,1.4 ,-0.5 ,-0.3 ,0.7 p,-0.8 ,-1.3 ,-2.0 ,1.9 ,-0.8 ,3.8 
A;CNMIGRATRT;HU22,2.5 ,2.6 ,3.9 ,2.4 ,3.2 ,3.7 p,5.8 ,3.9 ,3.6 ,4.4 ,3.1 ,6.5 
A;CNMIGRATRT;HU23,1.1 ,-3.1 ,-3.0 ,-0.4 ,-2.1 ,-1.7 p,-0.9 ,-3.0 ,-4.4 ,-3.4 ,-2.4 ,-2.6 
A;CNMIGRATRT;HU31,-4.2 ,-7.4 ,-6.9 ,-6.9 ,-6.6 ,-4.9 p,-4.5 ,-5.9 ,-6.1 ,-4.9 ,-4.6 ,-3.5 
A;CNMIGRATRT;HU32,-3.0 ,-4.9 ,-5.2 ,-4.1 ,-3.7 ,-2.8 p,-1.8 ,-2.2 ,-1.1 ,-0.7 ,-2.5 ,-3.1 
A;CNMIGRATRT;HU33,0.9 ,-0.6 ,-2.0 ,-0.5 ,-1.6 ,-1.0 p,0.0 ,-1.8 ,-1.3 ,-0.6 ,-3.8 ,-0.9 
A;CNMIGRATRT;IE01,22.8 ,18.0 ,11.1 ,0.3 ,-0.7 ,-5.2 ,-3.9 ,-7.0 ,-5.0 ,1.2 ,5.8 ,: 
A;CNMIGRATRT;IE02,22.0 ,16.7 ,1.0 ,-5.9 ,-7.5 ,-6.2 ,-5.1 ,-0.8 ,2.3 ,3.4 ,5.0 ,: 
A;CNMIGRATRT;IE04,: ,: ,: ,: ,: ,: ,: ,: ,: ,: ,: ,4.0 
A;CNMIGRATRT;IE05,: ,: ,: ,: ,: ,: ,-2.1 ,: ,: ,: ,: ,2.8 
A;CNMIGRATRT;IE06,: ,: ,: ,: ,: ,: ,: ,: ,: ,: ,: ,2.8 
A;CNMIGRATRT;IS00,17.3 ,16.6 ,3.3 ,-15.0 ,-6.5 ,-4.3 ,-0.9 ,5.1 ,3.4 ,4.5 ,12.2 ,24.1 
A;CNMIGRATRT;ITC1,3.6 ,12.9 ,7.8 ,3.8 ,2.9 ,1.1 ,6.8 ,17.5 ,0.6 ,0.2 ,1.7 ,1.4 
A;CNMIGRATRT;ITC2,5.4 ,7.4 ,6.2 ,2.2 ,0.8 ,-0.6 ,10.5 ,7.6 ,-1.0 ,-3.5 ,-0.2 ,-1.1 
A;CNMIGRATRT;ITC3,4.7 ,6.1 ,8.4 ,5.5 ,4.6 ,2.0 ,5.1 ,23.8 ,0.8 ,0.1 ,3.3 ,2.7 
A;CNMIGRATRT;ITC4,4.5 ,6.9 ,7.0 ,4.8 ,5.7 ,3.3 ,9.8 ,18.4 ,3.3 ,2.1 ,2.3 ,3.7 
A;CNMIGRATRT;ITF1,2.9 ,11.5 ,7.7 ,3.8 ,1.5 ,1.6 ,7.2 ,18.9 ,1.1 ,0.0 ,0.2 ,-0.8 
A;CNMIGRATRT;ITF2,0.1 ,4.3 ,1.1 ,-1.0 ,-0.7 ,0.2 ,4.8 ,8.5 ,-0.1 ,1.2 ,-0.3 ,-0.7 
A;CNMIGRATRT;ITF3,-3.2 ,-0.1 ,-1.9 ,-0.2 ,0.0 ,-1.1 ,0.5 ,17.1 ,-1.3 ,-0.8 ,-1.6 ,-1.0 
A;CNMIGRATRT;ITF4,-1.6 ,1.2 ,-0.2 ,0.4 ,0.8 ,-0.9 ,0.6 ,10.2 ,0.9 ,-1.2 ,-1.7 ,-1.3 
A;CNMIGRATRT;ITF5,-5.2 ,0.0 ,-1.1 ,-2.5 ,-1.3 ,-0.8 ,0.3 ,7.0 ,0.1 ,-1.1 ,-2.0 ,-1.3 
A;CNMIGRATRT;ITF6,-5.9 ,3.3 ,-1.5 ,-1.9 ,-1.6 ,-1.5 ,1.1 ,12.4 ,-0.6 ,-1.1 ,-1.1 ,-1.7 
A;CNMIGRATRT;ITG1,-1.0 ,2.5 ,1.4 ,1.4 ,1.6 ,-0.6 ,1.0 ,19.8 ,0.4 ,-1.6 ,-1.8 ,-3.3 
A;CNMIGRATRT;ITG2,1.4 ,3.1 ,2.3 ,0.2 ,0.8 ,-1.1 ,3.5 ,16.2 ,2.0 ,0.2 ,0.4 ,1.0 
A;CNMIGRATRT;ITH1,6.7 ,8.1 ,5.9 ,4.7 ,4.0 ,3.0 ,7.3 ,9.5 ,2.7 ,2.7 ,4.1 ,4.8 
A;CNMIGRATRT;ITH2,8.0 ,10.6 ,9.8 ,6.2 ,5.7 ,3.2 ,9.4 ,10.6 ,2.0 ,1.9 ,1.3 ,3.5 
A;CNMIGRATRT;ITH3,4.7 ,10.6 ,8.4 ,2.3 ,1.7 ,0.3 ,6.3 ,10.1 ,1.2 ,-0.4 ,0.5 ,2.1 
A;CNMIGRATRT;ITH4,6.1 ,9.7 ,9.0 ,3.2 ,2.5 ,0.9 ,7.1 ,10.0 ,1.9 ,0.3 ,1.9 ,3.3 
A;CNMIGRATRT;ITH5,8.3 ,12.7 ,14.2 ,8.2 ,7.0 ,3.9 ,10.6 ,17.8 ,3.4 ,3.0 ,3.5 ,4.9 
A;CNMIGRATRT;ITI1,5.6 ,11.7 ,9.6 ,7.0 ,5.6 ,2.4 ,10.2 ,18.9 ,3.9 ,2.6 ,3.6 ,3.5 
A;CNMIGRATRT;ITI2,5.4 ,14.5 ,11.8 ,7.9 ,6.6 ,1.6 ,6.6 ,14.9 ,1.0 ,0.8 ,1.8 ,0.5 
A;CNMIGRATRT;ITI3,5.0 ,12.2 ,11.0 ,3.7 ,2.5 ,0.8 ,5.4 ,7.9 ,1.4 ,-0.5 ,0.1 ,1.0 
A;CNMIGRATRT;ITI4,5.2 ,11.8 ,10.1 ,7.3 ,7.0 ,3.3 ,10.9 ,55.2 ,4.5 ,1.1 ,3.2 ,2.4 
A;CNMIGRATRT;LI00,3.5 ,1.8 ,2.5 ,3.6 ,4.6 ,4.9 ,6.3 ,5.4 ,3.6 ,4.9 ,2.1 ,5.7 
A;CNMIGRATRT;LT00,-7.5 ,-6.7 ,-5.1 ,-10.1 ,-25.2 ,-12.6 ,-7.1 ,-5.7 ,-4.2 ,-7.7 ,-10.5 ,: 
A;CNMIGRATRT;LT01,: ,: ,: ,: ,: ,: ,: ,1.1 ,2.4 ,-2.3 ,-0.2 ,0.5 
A;CNMIGRATRT;LT02,: ,: ,: ,: ,: ,: ,: ,-8.2 ,-6.7 ,-9.8 ,-14.5 ,-13.8 
A;CNMIGRATRT;LU00,11.3 ,12.5 ,15.8 ,13.2 ,15.1 ,21.6 ,18.9 ,19.0 ,19.9 ,19.6 ,16.2 ,15.8 b
A;CNMIGRATRT;LV00,-4.0 ,-3.6 ,-10.3 ,-16.1 ,-17.0 ,-9.7 ,-5.8 ,-7.1 ,-4.3 ,-5.4 ,-6.2 ,-4.0 
A;CNMIGRATRT;ME00,-0.1 ,-1.5 ,-1.5 ,-1.5 ,-1.5 ,-1.5 ,-1.5 ,-1.5 ,-1.5 ,-1.5 ,-1.5 ,-1.5 
A;CNMIGRATRT;MK00,-0.3 ,0.1 ,-0.3 ,-0.3 ,-0.3 ,-0.4 p,-0.5 p,-0.4 ,-0.2 ,-0.2 ,0.0 ,0.1 
A;CNMIGRATRT;MT00,0.1 ,3.8 ,5.7 ,5.6 ,0.2 ,4.0 ,10.1 ,14.4 ,21.5 ,22.1 ,19.2 ,31.3 
A;CNMIGRATRT;NL11,-1.8 ,-1.4 ,0.0 ,3.3 ,3.4 ,2.1 ,1.2 ,1.9 ,1.9 ,-0.1 ,0.1 ,-0.1 
A;CNMIGRATRT;NL12,-2.1 ,-1.0 ,0.3 ,0.0 ,-0.7 ,-1.7 ,-1.5 ,-1.3 ,-0.9 ,-0.3 ,1.7 ,1.1 
A;CNMIGRATRT;NL13,2.2 ,3.0 ,2.8 ,1.2 ,0.6 ,-1.1 ,-0.9 ,-0.6 ,-0.2 ,2.0 ,8.2 ,2.7 
A;CNMIGRATRT;NL21,-1.3 ,-0.7 ,1.0 ,0.8 ,0.2 ,-0.2 ,-1.1 ,-1.8 ,-1.3 ,1.6 ,1.6 ,2.4 
A;CNMIGRATRT;NL22,-1.3 ,-0.1 ,0.9 ,1.5 ,0.7 ,1.0 ,1.3 ,0.8 ,2.0 ,3.5 ,5.5 ,5.5 
A;CNMIGRATRT;NL23,1.7 ,2.7 ,4.3 ,3.0 ,2.3 ,1.6 ,0.3 ,-2.5 ,-2.2 ,-0.5 ,3.5 ,3.8 
A;CNMIGRATRT;NL31,3.3 ,3.0 ,2.2 ,2.6 ,1.0 ,1.9 ,1.8 ,2.5 ,3.3 ,4.1 ,4.7 ,4.8 
A;CNMIGRATRT;NL32,-1.1 ,1.4 ,4.1 ,4.6 ,4.4 ,3.4 ,2.5 ,3.6 ,4.4 ,5.9 ,6.4 ,5.4 
A;CNMIGRATRT;NL33,-4.4 ,-1.2 ,2.3 ,3.3 ,2.9 ,3.1 ,0.0 ,0.8 ,3.0 ,3.7 ,5.1 ,6.1 
A;CNMIGRATRT;NL34,0.3 ,-0.3 ,0.4 ,0.5 ,0.5 ,-0.6 ,-0.6 ,-0.4 ,0.0 ,2.2 ,1.9 ,3.2 
A;CNMIGRATRT;NL41,-1.6 ,-0.2 ,1.3 ,1.3 ,1.6 ,1.7 ,1.5 ,2.1 ,2.4 ,3.4 ,4.8 ,5.9 
A;CNMIGRATRT;NL42,-3.1 ,-2.9 ,0.1 ,0.7 ,0.9 ,1.4 ,0.6 ,0.1 ,0.0 ,1.2 ,3.4 ,2.4 
A;CNMIGRATRT;NO01,10.2 ,12.9 ,14.7 ,10.5 ,11.4 ,14.1 ,10.7 ,9.7 ,12.1 ,9.5 ,8.7 ,6.7 
A;CNMIGRATRT;NO02,1.5 ,4.9 ,5.2 ,5.6 ,6.3 ,7.3 ,4.4 ,5.4 ,6.1 ,2.1 ,5.5 ,5.0 
A;CNMIGRATRT;NO03,5.8 ,9.9 ,9.7 ,8.2 ,9.3 ,10.4 ,10.2 ,8.2 ,6.1 ,7.1 ,7.4 ,6.1 
A;CNMIGRATRT;NO04,7.7 ,11.9 ,10.5 ,8.8 ,10.1 ,8.6 ,11.0 ,8.2 ,8.1 ,2.3 ,0.7 ,1.0 
A;CNMIGRATRT;NO05,1.5 ,5.5 ,7.2 ,8.5 ,8.3 ,7.4 ,8.9 ,7.1 ,6.4 ,3.3 ,3.0 ,0.3 
A;CNMIGRATRT;NO06,6.1 ,8.7 ,7.0 ,7.0 ,5.8 ,8.5 ,10.0 ,5.3 ,6.9 ,4.3 ,7.9 ,6.2 
A;CNMIGRATRT;NO07,-3.5 ,-2.5 ,0.7 ,2.1 ,3.4 ,3.6 ,6.5 ,5.7 ,4.3 ,-0.2 ,4.7 ,1.9 
A;CNMIGRATRT;PL11,-1.3 ,-0.8 ,-0.4 ,-0.5 ,-0.6 ,-0.9 ,-0.6 ,-1.1 ,-0.8 ,-0.6 ,-0.1 ,: 
A;CNMIGRATRT;PL12,2.6 ,2.8 ,2.0 ,2.4 ,3.0 ,2.5 ,3.0 ,2.9 ,2.6 ,2.1 ,2.5 ,: 
A;CNMIGRATRT;PL21,0.3 ,1.0 ,0.3 ,1.1 ,1.7 ,1.1 ,0.9 ,0.5 ,1.1 ,0.6 ,1.2 ,1.0 
A;CNMIGRATRT;PL22,-2.7 ,-2.4 ,-1.6 ,-0.9 ,-1.1 ,-1.4 ,-1.3 ,-2.5 ,-1.6 ,-1.4 ,-0.8 ,-0.7 
A;CNMIGRATRT;PL31,-2.6 ,-2.3 ,-1.8 ,-1.8 ,-2.2 ,-2.6 ,-2.3 ,-2.7 ,-2.7 ,-2.2 ,-1.5 ,: 
A;CNMIGRATRT;PL32,-1.6 ,-1.6 ,-0.9 ,-0.7 ,-0.7 ,-1.2 ,-0.7 ,-1.6 ,-0.4 ,-0.4 ,0.0 ,: 
A;CNMIGRATRT;PL33,-2.1 ,-2.0 ,-1.3 ,-1.3 ,-1.9 ,-2.0 ,-1.5 ,-2.1 ,-1.8 ,-1.8 ,-0.8 ,: 
A;CNMIGRATRT;PL34,-2.3 ,-2.4 ,-1.3 ,-1.5 ,-1.1 ,-1.8 ,-1.6 ,-2.4 ,-1.9 ,-1.7 ,-0.9 ,: 
A;CNMIGRATRT;PL41,0.2 ,0.4 ,0.3 ,0.4 ,0.6 ,0.2 ,0.2 ,-0.2 ,0.1 ,-0.1 ,0.2 ,0.3 
A;CNMIGRATRT;PL42,-1.2 ,-1.1 ,-0.7 ,-0.7 ,-0.4 ,-0.7 ,-0.4 ,-0.9 ,-1.3 ,-1.4 ,-0.8 ,-0.5 
A;CNMIGRATRT;PL43,-1.8 ,-1.4 ,-1.3 ,-0.6 ,-0.4 ,-1.0 ,-0.6 ,-1.7 ,-1.3 ,-1.5 ,0.0 ,-0.8 
A;CNMIGRATRT;PL51,-1.2 ,-0.6 ,-0.3 ,0.2 ,0.6 ,0.2 ,0.5 ,-0.3 ,0.5 ,0.5 ,1.6 ,1.0 
A;CNMIGRATRT;PL52,-4.3 ,-3.6 ,-3.3 ,-1.5 ,-1.6 ,-2.5 ,-2.2 ,-4.1 ,-2.2 ,-2.3 ,-0.5 ,-0.1 
A;CNMIGRATRT;PL61,-1.6 ,-0.8 ,-0.7 ,-0.7 ,-0.7 ,-1.0 ,-1.0 ,-1.7 ,-1.2 ,-1.2 ,-0.4 ,-0.2 
A;CNMIGRATRT;PL62,-3.0 ,-2.4 ,-1.8 ,-2.3 ,-1.9 ,-2.3 ,-1.5 ,-3.0 ,-2.5 ,-2.2 ,-2.4 ,-1.7 
A;CNMIGRATRT;PL63,-0.4 ,0.6 ,0.3 ,1.3 ,1.4 ,0.8 ,0.8 ,0.7 ,1.0 ,0.9 ,1.8 ,1.4 
A;CNMIGRATRT;PL71,: ,: ,: ,: ,: ,: ,: ,: ,-0.8 ,-0.6 ,-0.1 ,-0.7 
A;CNMIGRATRT;PL72,: ,: ,: ,: ,: ,: ,: ,: ,-1.8 ,-1.8 ,-0.8 ,-1.7 
A;CNMIGRATRT;PL81,: ,: ,: ,: ,: ,: ,: ,: ,-2.7 ,-2.2 ,-1.5 ,-2.3 
A;CNMIGRATRT;PL82,: ,: ,: ,: ,: ,: ,: ,: ,-0.4 ,-0.4 ,0.0 ,-0.7 
A;CNMIGRATRT;PL84,: ,: ,: ,: ,: ,: ,: ,: ,-1.9 ,-1.7 ,-0.9 ,-1.4 
A;CNMIGRATRT;PL91,: ,: ,: ,: ,: ,: ,: ,: ,6.3 ,5.4 ,5.5 ,5.9 
A;CNMIGRATRT;PL92,: ,: ,: ,: ,: ,: ,: ,: ,-2.1 ,-2.1 ,-1.3 ,-1.7 
A;CNMIGRATRT;PT11,-0.8 ,-0.7 ,-2.8 ,-2.1 ,-3.5 ,-1.7 ,-4.5 ,-4.3 ,-4.4 ,-3.2 e,-3.7 ,-0.5 
A;CNMIGRATRT;PT15,11.7 ,12.8 ,12.2 ,12.7 ,11.4 ,-11.4 ,-2.4 ,-2.2 ,0.1 ,2.7 e,1.3 ,-1.8 
A;CNMIGRATRT;PT16,1.5 ,2.0 ,1.2 ,1.6 ,0.8 ,-3.2 ,-2.7 ,-2.7 ,-2.7 ,1.7 e,-0.3 ,-0.2 
A;CNMIGRATRT;PT17,2.7 ,3.5 ,3.3 ,3.7 ,2.9 ,-0.5 ,-4.1 ,-4.2 ,0.0 ,0.9 e,2.6 ,3.7 
A;CNMIGRATRT;PT18,2.5 ,2.8 ,1.5 ,2.1 ,1.0 ,-0.5 ,-1.6 ,-0.7 ,-7.0 ,-5.5 e,-1.6 ,-1.7 
A;CNMIGRATRT;PT20,0.3 ,0.4 ,-1.1 ,-0.5 ,-1.6 ,0.3 ,0.3 ,0.0 ,-4.4 ,-2.2 e,-1.4 ,-5.7 
A;CNMIGRATRT;PT30,8.2 ,8.4 ,6.0 ,6.9 ,5.1 ,-13.7 ,-2.3 ,-4.5 ,-6.3 ,-6.2 e,-3.1 ,0.2 
A;CNMIGRATRT;RO11,1.7 ,-0.4 ,-0.1 ,0.6 ,0.7 p,-0.2 p,0.3 ,0.5 ,0.0 ,-1.4 ,-1.5 ,-1.4 
A;CNMIGRATRT;RO12,-3.3 ,0.7 ,0.7 ,-0.4 ,0.0 p,-0.2 p,0.5 ,-0.6 ,-1.2 ,-1.9 ,-2.6 ,-1.9 
A;CNMIGRATRT;RO21,-2.7 ,-2.0 ,-1.8 ,-1.2 ,-1.2 p,0.5 p,-3.5 ,0.0 ,0.3 ,-2.4 ,-3.4 ,-3.8 
A;CNMIGRATRT;RO22,-1.9 ,-1.4 ,-1.0 ,-0.7 ,-0.5 p,-0.8 p,-2.5 ,-1.9 ,-2.8 ,-5.0 ,-5.2 ,-5.6 
A;CNMIGRATRT;RO31,-1.4 ,-0.4 ,-0.3 ,-0.4 ,-0.2 p,0.1 p,-1.8 ,-2.4 ,-2.6 ,-4.5 ,-3.9 ,-7.1 
A;CNMIGRATRT;RO32,8.7 ,5.5 ,5.0 ,3.4 ,2.5 p,-0.2 p,2.5 ,1.2 ,1.0 ,2.4 ,0.1 ,6.1 
A;CNMIGRATRT;RO41,-2.6 ,-2.3 ,-1.5 ,-1.1 ,-1.1 p,-1.0 p,-4.1 ,-2.3 ,-3.0 ,-5.3 ,-4.9 ,-6.3 
A;CNMIGRATRT;RO42,2.1 ,3.0 ,1.4 ,0.3 ,0.5 p,0.4 p,1.6 ,0.2 ,0.1 ,-1.4 ,-2.1 ,-0.7 
A;CNMIGRATRT;RS11,: ,: ,: ,: ,: ,: ,: ,: ,: ,: ,: ,3.8 
A;CNMIGRATRT;RS12,: ,: ,: ,: ,: ,: ,: ,: ,: ,: ,: ,0.4 
A;CNMIGRATRT;RS21,: ,: ,: ,: ,: ,: ,: ,: ,: ,: ,: ,-2.1 
A;CNMIGRATRT;RS22,: ,: ,: ,: ,: ,: ,: ,: ,: ,: ,: ,-2.0 
A;CNMIGRATRT;SE11,8.8 ,10.2 ,9.8 ,12.2 ,10.4 ,11.6 ,10.5 ,10.1 ,9.7 ,9.0 ,10.7 ,11.4 
A;CNMIGRATRT;SE12,3.4 ,5.6 ,6.1 ,6.9 ,5.0 ,4.1 ,5.7 ,8.1 ,7.9 ,8.6 ,13.3 ,12.3 
A;CNMIGRATRT;SE21,3.5 ,4.3 ,3.2 ,2.5 ,1.4 ,1.5 ,3.3 ,4.1 ,7.3 ,9.0 ,14.6 ,10.1 
A;CNMIGRATRT;SE22,10.2 ,9.7 ,9.5 ,9.5 ,6.5 ,4.0 ,4.5 ,5.7 ,8.6 ,9.1 ,13.1 ,11.8 
A;CNMIGRATRT;SE23,5.2 ,4.4 ,5.1 ,5.2 ,4.3 ,4.3 ,4.1 ,6.6 ,8.0 ,8.2 ,11.7 ,9.5 
A;CNMIGRATRT;SE31,2.2 ,2.3 ,2.4 ,3.0 ,2.5 ,-0.3 ,2.7 ,5.1 ,6.3 ,7.5 ,12.2 ,5.0 
A;CNMIGRATRT;SE32,3.0 ,0.5 ,1.2 ,0.7 ,0.4 ,-0.4 ,1.3 ,3.3 ,5.1 ,5.6 ,9.0 ,5.4 
A;CNMIGRATRT;SE33,0.1 ,-2.1 ,-1.0 ,0.1 ,0.6 ,0.7 ,2.1 ,3.5 ,3.8 ,1.8 ,6.3 ,6.6 
A;CNMIGRATRT;SI03,2.5 ,-4.7 ,5.1 b,3.3 ,-1.5 ,0.4 ,-1.8 ,-1.9 ,-1.1 ,-0.4 ,-0.1 ,-0.2 
A;CNMIGRATRT;SI04,3.9 ,4.1 ,14.0 b,8.4 ,1.2 ,1.6 ,2.7 ,2.7 ,0.7 ,1.0 ,1.2 ,1.5 
A;CNMIGRATRT;SK01,-0.5 ,0.4 ,1.8 ,2.3 ,0.5 ,7.5 ,7.2 ,6.9 ,7.7 ,9.8 ,9.9 ,10.3 
A;CNMIGRATRT;SK02,-0.3 ,1.1 ,0.8 ,-0.8 ,-1.5 ,0.6 ,0.7 ,0.4 ,0.2 ,0.2 ,0.4 ,0.2 
A;CNMIGRATRT;SK03,-0.1 ,-0.1 ,-0.2 ,-0.5 ,-1.2 ,-0.6 ,-0.6 ,-0.8 ,-1.0 ,-1.2 ,-1.0 ,-1.0 
A;CNMIGRATRT;SK04,0.4 ,0.1 ,0.0 ,0.3 ,-0.6 ,-1.2 ,-0.9 ,-1.0 ,-1.3 ,-1.1 ,-1.1 ,-1.2 
A;CNMIGRATRT;TR10,: ,: ,: ,4.8 ,13.8 ,15.6 ,4.4 ,9.5 ,2.4 ,6.8 ,-2.0 ,3.8 
A;CNMIGRATRT;TR21,: ,: ,: ,0.6 ,0.6 ,25.4 ,9.0 ,6.4 ,16.6 ,15.7 ,16.6 ,18.1 
A;CNMIGRATRT;TR22,: ,: ,: ,4.8 ,12.3 ,-4.2 ,5.1 ,3.2 ,18.3 ,-2.6 ,7.3 ,9.4 
A;CNMIGRATRT;TR31,: ,: ,: ,11.4 ,13.3 ,-2.9 ,2.5 ,6.2 ,4.9 ,5.9 ,6.4 ,6.8 
A;CNMIGRATRT;TR32,: ,: ,: ,4.4 ,4.1 ,7.7 ,2.8 ,7.8 ,14.7 ,6.9 ,7.7 ,7.3 
A;CNMIGRATRT;TR33,: ,: ,: ,1.4 ,14.2 ,-28.1 ,0.6 ,-0.8 ,-3.8 ,-0.6 ,3.7 ,1.4 
A;CNMIGRATRT;TR41,: ,: ,: ,10.2 ,16.2 ,3.6 ,3.5 ,9.6 ,7.1 ,10.2 ,13.0 ,5.8 
A;CNMIGRATRT;TR42,: ,: ,: ,7.3 ,6.2 ,11.3 ,8.0 ,11.0 ,10.5 ,16.3 ,17.5 ,12.9 
A;CNMIGRATRT;TR51,: ,: ,: ,11.9 ,15.6 ,14.8 ,5.1 ,5.8 ,10.0 ,12.9 ,4.7 ,9.0 
A;CNMIGRATRT;TR52,: ,: ,: ,-1.4 ,-2.2 ,-0.2 ,-5.5 ,0.7 ,1.6 ,-1.7 ,3.0 ,-2.3 
A;CNMIGRATRT;TR61,: ,: ,: ,19.8 ,25.4 ,-2.3 ,11.2 ,15.1 ,12.5 ,14.0 ,6.9 ,6.5 
A;CNMIGRATRT;TR62,: ,: ,: ,7.1 ,-4.7 ,-0.7 ,-4.4 ,-0.5 ,-3.3 ,-3.3 ,0.3 ,-2.4 
A;CNMIGRATRT;TR63,: ,: ,: ,0.0 ,-1.0 ,-12.8 ,-7.9 ,-3.4 ,-4.1 ,-6.7 ,0.1 ,-1.3 
A;CNMIGRATRT;TR71,: ,: ,: ,-3.5 ,-16.3 ,-10.2 ,-6.1 ,-3.9 ,-11.0 ,-4.5 ,12.0 ,0.7 
A;CNMIGRATRT;TR72,: ,: ,: ,-0.6 ,-0.1 ,-13.1 ,-9.5 ,-5.6 ,-4.5 ,-9.6 ,-0.2 ,-2.5 
A;CNMIGRATRT;TR81,: ,: ,: ,-1.1 ,1.6 ,-20.8 ,-4.5 ,-4.3 ,-6.2 ,-0.1 ,5.2 ,-0.4 
A;CNMIGRATRT;TR82,: ,: ,: ,7.9 ,-7.5 ,-6.8 ,4.7 ,21.1 ,-10.6 ,-0.4 ,9.9 ,-1.5 
A;CNMIGRATRT;TR83,: ,: ,: ,-1.2 ,-7.4 ,-15.4 ,-7.0 ,-8.1 ,-5.6 ,-4.4 ,6.2 ,2.4 
A;CNMIGRATRT;TR90,: ,: ,: ,-0.1 ,-11.5 ,-7.8 ,6.4 ,-3.1 ,-0.8 ,-3.2 ,22.7 ,-9.2 
A;CNMIGRATRT;TRA1,: ,: ,: ,-12.8 ,-7.8 ,-9.1 ,-14.3 ,-22.2 ,-8.6 ,-16.1 ,1.2 ,-17.1 
A;CNMIGRATRT;TRA2,: ,: ,: ,-26.0 ,-24.5 ,-0.1 ,-23.9 ,-28.7 ,-26.9 ,-26.5 ,-27.1 ,-25.8 
A;CNMIGRATRT;TRB1,: ,: ,: ,-11.0 ,-12.9 ,11.9 ,-5.5 ,-6.5 ,-6.3 ,-5.3 ,-3.7 ,-1.9 
A;CNMIGRATRT;TRB2,: ,: ,: ,-15.9 ,-19.6 ,-11.7 ,-5.6 ,-18.8 ,-15.5 ,-16.7 ,-26.3 ,-16.1 
A;CNMIGRATRT;TRC1,: ,: ,: ,-1.4 ,0.6 ,3.3 ,-1.8 ,-0.3 ,-3.5 ,-1.8 ,-0.5 ,-3.5 
A;CNMIGRATRT;TRC2,: ,: ,: ,-6.7 ,-6.5 ,3.0 ,-6.4 ,-10.1 ,-6.9 ,-8.1 ,-7.5 ,-6.7 
A;CNMIGRATRT;TRC3,: ,: ,: ,-22.9 ,-17.1 ,11.4 ,-10.7 ,-8.8 ,-7.6 ,-14.9 ,-19.5 ,-3.4 
A;CNMIGRATRT;UKC1,2.3 ,2.4 ,1.2 ,1.2 ,1.4 ,0.5 ,0.2 ,1.4 ,1.4 ,2.9 ,3.2 ,3.0 
A;CNMIGRATRT;UKC2,1.8 ,2.0 ,1.8 ,2.5 ,2.7 ,1.7 ,2.1 ,2.9 ,2.6 ,3.6 ,3.8 ,3.1 
A;CNMIGRATRT;UKD1,4.7 ,3.1 ,0.8 ,-0.2 ,-0.3 ,0.0 ,-0.5 ,0.5 ,1.3 ,2.0 ,1.6 ,1.4 
A;CNMIGRATRT;UKD3,2.9 ,3.0 ,3.3 ,3.0 ,3.3 ,1.9 ,0.0 ,0.4 ,2.8 ,4.9 ,3.6 ,2.7 
A;CNMIGRATRT;UKD4,1.8 ,0.3 ,-0.6 ,0.1 ,0.7 ,0.5 ,0.4 ,0.4 ,1.5 ,3.4 ,3.6 ,1.9 
A;CNMIGRATRT;UKD6,5.0 ,3.9 ,1.9 ,1.0 ,1.1 ,1.6 ,1.8 ,2.9 ,3.5 ,4.0 ,4.6 ,3.5 
A;CNMIGRATRT;UKD7,-0.9 ,-0.2 ,0.7 ,1.5 ,1.9 ,1.6 ,0.6 ,1.4 ,3.2 ,5.1 ,4.4 ,2.9 
A;CNMIGRATRT;UKE1,2.8 ,3.5 ,1.5 ,0.0 ,0.8 ,1.4 ,0.4 ,0.5 ,0.8 ,2.0 ,2.3 ,2.4 
A;CNMIGRATRT;UKE2,5.7 ,6.2 ,4.4 ,4.7 ,6.2 ,5.3 ,4.8 ,3.8 ,3.3 ,5.6 ,5.7 ,4.6 
A;CNMIGRATRT;UKE3,2.7 ,3.7 ,4.1 ,3.7 ,4.5 ,4.1 ,2.4 ,2.7 ,3.8 ,5.0 ,4.4 ,3.9 
A;CNMIGRATRT;UKE4,1.8 ,2.7 ,1.7 ,0.8 ,1.2 ,0.9 ,-0.2 ,0.1 ,1.2 ,3.1 ,2.1 ,1.6 
A;CNMIGRATRT;UKF1,3.5 ,4.1 ,4.4 ,4.3 ,3.6 ,2.7 ,3.0 ,4.0 ,4.3 ,5.7 ,6.3 ,4.6 
A;CNMIGRATRT;UKF2,7.9 ,5.8 ,4.0 ,3.4 ,4.1 ,3.8 ,3.2 ,5.2 ,7.3 ,9.0 ,9.3 ,5.7 
A;CNMIGRATRT;UKF3,13.0 ,11.7 ,8.5 ,7.6 ,5.9 ,4.5 ,6.3 ,9.0 ,8.4 ,9.3 ,10.1 ,7.6 
A;CNMIGRATRT;UKG1,7.0 ,6.7 ,4.4 ,2.2 ,2.1 ,2.7 ,2.9 ,4.2 ,4.8 ,5.6 ,7.7 ,4.9 
A;CNMIGRATRT;UKG2,5.5 ,5.0 ,3.5 ,2.8 ,3.9 ,2.5 ,2.1 ,3.2 ,2.7 ,4.9 ,5.9 ,3.6 
A;CNMIGRATRT;UKG3,1.1 ,2.3 ,2.9 ,2.5 ,3.6 ,2.6 ,1.2 ,2.1 ,3.9 ,6.4 ,5.5 ,3.8 
A;CNMIGRATRT;UKH1,7.1 ,7.2 ,6.2 ,6.5 ,7.4 ,4.8 ,2.9 ,5.6 ,7.2 ,6.4 ,5.9 ,5.7 
A;CNMIGRATRT;UKH2,3.6 ,4.7 ,4.6 ,4.8 ,5.6 ,4.6 ,4.7 ,6.6 ,7.0 ,6.5 ,2.5 ,5.3 
A;CNMIGRATRT;UKH3,4.9 ,5.2 ,4.5 ,3.4 ,4.2 ,4.0 ,4.3 ,7.1 ,7.4 ,6.8 ,6.1 ,6.6 
A;CNMIGRATRT;UKI3,: ,: ,: ,: ,: ,: ,: ,2.3 ,7.2 ,5.5 ,0.3 ,1.9 
A;CNMIGRATRT;UKI4,: ,: ,: ,: ,: ,: ,: ,7.4 ,9.0 ,7.2 ,1.6 ,4.6 
A;CNMIGRATRT;UKI5,: ,: ,: ,: ,: ,: ,: ,5.0 ,6.0 ,5.6 ,1.2 ,4.2 
A;CNMIGRATRT;UKI6,: ,: ,: ,: ,: ,: ,: ,3.8 ,3.0 ,1.8 ,-1.5 ,3.1 
A;CNMIGRATRT;UKI7,: ,: ,: ,: ,: ,: ,: ,0.8 ,0.8 ,0.2 ,-2.8 ,0.2 
A;CNMIGRATRT;UKJ1,3.9 ,3.8 ,2.8 ,3.3 ,3.3 ,2.2 ,2.4 ,3.7 ,4.1 ,3.9 ,2.2 ,2.8 
A;CNMIGRATRT;UKJ2,8.5 ,7.9 ,6.2 ,6.6 ,7.1 ,5.9 ,6.3 ,7.5 ,7.5 ,7.9 ,5.8 ,7.1 
A;CNMIGRATRT;UKJ3,3.3 ,4.0 ,4.1 ,5.0 ,5.5 ,4.2 ,3.1 ,4.1 ,4.9 ,5.8 ,4.8 ,4.5 
A;CNMIGRATRT;UKJ4,8.7 ,9.0 ,6.6 ,6.8 ,7.3 ,6.3 ,5.8 ,7.2 ,7.1 ,7.6 ,7.1 ,6.5 
A;CNMIGRATRT;UKK1,6.7 ,6.3 ,4.0 ,3.8 ,4.2 ,4.5 ,4.8 ,6.6 ,7.1 ,7.6 ,6.2 ,6.7 
A;CNMIGRATRT;UKK2,9.7 ,9.6 ,5.8 ,5.8 ,8.2 ,7.1 ,6.2 ,6.8 ,7.3 ,8.9 ,8.2 ,7.6 
A;CNMIGRATRT;UKK3,7.7 ,8.5 ,5.1 ,5.4 ,7.2 ,7.6 ,7.7 ,8.0 ,8.6 ,9.7 ,11.7 ,9.4 
A;CNMIGRATRT;UKK4,7.4 ,6.8 ,3.2 ,2.5 ,4.4 ,5.4 ,5.9 ,7.6 ,8.7 ,8.6 ,9.4 ,8.0 
A;CNMIGRATRT;UKL1,5.3 ,5.5 ,3.5 ,2.2 ,2.2 ,2.3 ,1.8 ,2.5 ,2.4 ,3.6 ,4.1 ,2.8 
A;CNMIGRATRT;UKL2,5.4 ,6.6 ,5.4 ,3.5 ,3.1 ,2.3 ,1.9 ,2.1 ,1.4 ,2.9 ,4.4 ,2.5 
A;CNMIGRATRT;UKM2,6.8 ,7.1 ,5.5 ,5.5 ,6.9 ,5.8 ,3.5 ,4.0 ,4.4 e,6.0 ,6.6 e,: 
A;CNMIGRATRT;UKM3,2.9 ,4.3 ,3.7 ,3.0 ,3.7 ,1.9 ,0.0 ,1.3 ,1.8 e,2.0 ,4.2 e,: 
A;CNMIGRATRT;UKM5,10.5 ,9.3 ,7.8 ,8.3 ,8.4 ,7.3 ,6.5 ,7.5 ,5.7 ,0.9 ,-3.5 ,5.7 
A;CNMIGRATRT;UKM6,10.3 ,10.7 ,7.6 ,5.8 ,5.9 ,2.8 ,1.1 ,2.2 ,2.2 ,4.5 ,2.8 ,5.4 
A;CNMIGRATRT;UKM7,: ,: ,: ,: ,: ,6.1 ,3.5 ,: ,: ,: ,: ,6.4 
A;CNMIGRATRT;UKM8,: ,: ,: ,: ,: ,2.3 ,0.0 ,: ,: ,: ,: ,3.9 
A;CNMIGRATRT;UKM9,: ,: ,: ,: ,: ,1.5 ,0.4 ,: ,: ,: ,: ,3.2 
A;CNMIGRATRT;UKN0,4.7 ,4.7 ,2.9 ,1.3 ,-0.2 ,-0.9 ,-1.5 ,-0.5 ,0.6 ,1.1 ,0.5 ,1.2 
A;GROWRT;AL01,: ,: ,: ,: ,: ,: ,-9.3 ,-9.6 ,-10.1 ,-6.6 ,-4.9 ,-8.6 
A;GROWRT;AL02,: ,: ,: ,: ,: ,: ,12.4 ,12.6 ,12.2 ,5.1 ,13.7 ,14.2 
A;GROWRT;AL03,: ,: ,: ,: ,: ,: ,-11.3 ,-11.8 ,-12.7 ,-11.4 ,-11.6 ,-17.3 
A;GROWRT;AT11,3.3 ,3.3 ,6.4 ,3.2 ,3.1 ,4.2 ,3.2 ,2.5 ,3.3 ,9.2 ,3.2 ,2.5 
A;GROWRT;AT12,5.1 ,4.4 ,4.7 ,1.8 ,2.2 ,3.1 ,2.6 ,4.2 ,6.9 ,10.3 ,7.3 ,2.9 
A;GROWRT;AT13,5.3 ,6.0 ,5.3 ,5.9 ,7.6 ,8.3 ,14.0 ,14.5 ,17.2 ,23.6 ,14.8 ,11.3 
A;GROWRT;AT21,0.2 ,0.6 ,-0.5 ,-2.6 ,-2.3 ,-1.2 ,-1.0 ,0.7 ,3.2 ,5.1 ,1.1 ,-0.3 
A;GROWRT;AT22,1.4 ,1.0 ,0.9 ,0.2 ,1.3 ,1.7 ,1.9 ,3.5 ,5.2 ,8.5 ,4.3 ,2.4 
A;GROWRT;AT31,2.4 ,1.5 ,2.0 ,0.4 ,0.7 ,2.6 ,3.3 ,4.9 ,8.3 ,11.6 ,7.6 ,5.8 
A;GROWRT;AT32,2.1 ,-0.2 ,1.4 ,0.1 ,2.2 ,3.4 ,4.1 ,4.4 ,8.0 ,13.4 ,6.3 ,6.0 
A;GROWRT;AT33,4.3 ,3.3 ,4.2 ,3.1 ,4.0 ,5.7 ,6.0 ,8.6 ,9.4 ,14.1 ,9.4 ,6.7 
A;GROWRT;AT34,4.5 ,3.6 ,4.0 ,3.6 ,2.5 ,4.4 ,4.5 ,7.2 ,8.8 ,14.6 ,11.9 ,7.7 
A;GROWRT;BE10,12.1 ,16.6 ,18.9 ,19.5 ,26.8 ,19.7 ,12.0 ,6.5 ,9.6 b,14.4 ,-1.8 ,5.3 
A;GROWRT;BE21,7.1 ,8.9 ,9.0 ,7.9 ,11.3 ,10.0 ,6.2 ,4.5 ,5.7 b,6.5 ,5.4 ,5.8 
A;GROWRT;BE22,6.9 ,7.8 ,7.8 ,6.4 ,7.3 ,6.1 ,4.3 ,3.1 ,4.1 b,6.5 ,3.1 ,3.5 
A;GROWRT;BE23,6.3 ,7.3 ,8.4 ,8.4 ,9.4 ,6.6 ,4.2 ,5.1 ,5.4 b,6.8 ,6.3 ,5.2 
A;GROWRT;BE24,8.0 ,7.4 ,8.1 ,7.5 ,8.8 ,7.8 ,6.0 ,5.0 ,5.6 b,7.2 ,7.1 ,7.0 
A;GROWRT;BE25,3.5 ,4.0 ,4.2 ,3.5 ,4.8 ,5.0 ,2.6 ,1.7 ,2.6 b,2.9 ,3.4 ,3.2 
A;GROWRT;BE31,10.8 ,8.2 ,5.7 ,10.2 ,8.8 ,8.3 ,6.8 ,5.9 ,7.0 b,8.6 ,5.0 ,4.4 
A;GROWRT;BE32,3.7 ,4.0 ,3.3 ,4.2 ,5.6 ,5.0 ,4.2 ,2.2 ,2.5 b,2.6 ,0.6 ,1.3 
A;GROWRT;BE33,6.8 ,6.0 ,6.0 ,7.2 ,8.9 ,7.3 ,4.7 ,2.3 ,3.0 b,4.2 ,2.3 ,2.1 
A;GROWRT;BE34,10.1 ,11.1 ,10.8 ,7.7 ,8.6 ,10.7 ,7.1 ,1.9 ,7.3 b,10.6 ,4.8 ,1.4 
A;GROWRT;BE35,7.4 ,7.3 ,6.9 ,7.8 ,9.6 ,8.4 ,4.4 ,2.8 ,5.4 b,6.5 ,4.2 ,2.1 
A;GROWRT;BG31,-19.9 ,-19.8 ,-18.9 ,-18.6 ,-20.0 ,-13.8 ,-15.8 ,-16.0 ,-16.5 ,-16.7 ,-18.4 ,-17.9 
A;GROWRT;BG32,-14.9 ,-14.3 ,-13.7 ,-12.6 ,-13.5 ,-10.1 ,-10.6 ,-10.4 ,-12.4 ,-12.3 ,-12.3 ,-13.1 
A;GROWRT;BG33,-5.2 ,-5.1 ,-5.2 ,-4.2 ,-5.8 ,-4.5 ,-4.7 ,-3.1 ,-4.8 ,-5.8 ,-5.5 ,-5.9 
A;GROWRT;BG34,-7.8 ,-7.5 ,-7.1 ,-6.5 ,-7.9 ,-5.3 ,-4.5 ,-4.0 ,-4.9 ,-5.6 ,-6.1 ,-6.3 
A;GROWRT;BG41,0.8 ,0.6 ,1.1 ,1.3 ,0.5 ,-1.2 ,-1.2 ,-0.5 ,-1.1 ,-1.9 ,-2.8 ,-3.3 
A;GROWRT;BG42,-8.2 ,-7.9 ,-7.5 ,-6.4 ,-7.0 ,-6.3 ,-6.0 ,-6.0 ,-5.4 ,-6.7 ,-7.1 ,-6.1 
A;GROWRT;CH01,9.9 ,13.4 ,20.2 ,17.0 ,13.7 ,13.3 ,10.4 ,17.4 ,15.9 ,14.7 ,12.3 ,10.1 
A;GROWRT;CH02,4.4 ,6.9 ,8.5 ,6.6 ,6.3 ,8.4 ,10.3 ,10.9 ,9.8 ,8.7 ,9.4 ,5.0 
A;GROWRT;CH03,5.6 ,8.9 ,13.0 ,10.6 ,10.2 ,8.5 ,10.5 ,11.9 ,11.5 ,10.3 ,11.8 ,8.5 
A;GROWRT;CH04,9.0 ,18.1 ,19.1 ,13.8 ,12.9 ,14.0 ,11.6 ,12.0 ,14.5 ,13.8 ,14.6 ,10.9 
A;GROWRT;CH05,3.2 ,8.1 ,10.9 ,7.8 ,6.9 ,9.3 ,8.7 ,9.8 ,8.6 ,7.8 ,7.9 ,5.7 
A;GROWRT;CH06,7.4 ,12.6 ,14.1 ,8.9 ,9.3 ,10.7 ,10.9 ,10.7 ,10.6 ,10.3 ,11.1 ,8.5 
A;GROWRT;CH07,8.0 ,11.4 ,12.6 ,8.9 ,12.5 ,9.5 ,13.9 ,14.2 ,11.0 ,4.5 ,6.9 ,-1.9 
A;GROWRT;CY00,18.5 ,24.0 ,26.2 ,27.5 ,24.8 ,26.2 ,4.5 ,-9.1 ,-12.9 ,1.5 ,7.6 ,11.0 
A;GROWRT;CZ01,3.4 ,18.2 ,15.6 ,11.2 ,5.0 ,6.2 ,4.1 ,-2.9 ,12.7 ,6.6 ,10.3 ,10.9 
A;GROWRT;CZ02,14.6 ,22.4 ,23.8 ,13.7 ,14.1 ,11.3 ,9.7 ,8.1 ,9.9 ,8.8 ,9.1 ,10.3 
A;GROWRT;CZ03,4.1 ,8.0 ,9.5 ,2.8 ,1.0 ,0.7 ,1.2 ,0.7 ,1.9 ,1.7 ,2.4 ,3.0 
A;GROWRT;CZ04,-0.7 ,8.5 ,4.0 ,-1.3 ,-1.0 ,-0.9 ,-2.4 ,-2.7 ,-1.9 ,-2.3 ,-2.3 ,-1.2 
A;GROWRT;CZ05,2.9 ,6.1 ,6.2 ,1.7 ,1.5 ,0.1 ,-0.6 ,-1.0 ,0.2 ,0.3 ,0.9 ,1.5 
A;GROWRT;CZ06,2.2 ,6.5 ,5.5 ,3.1 ,2.3 ,1.4 ,1.0 ,0.3 ,1.5 ,1.0 ,1.9 ,2.6 
A;GROWRT;CZ07,0.0 ,2.1 ,0.7 ,-0.4 ,-0.7 ,-1.2 ,-1.9 ,-2.2 ,-1.4 ,-1.3 ,-1.5 ,-1.1 
A;GROWRT;CZ08,-2.0 ,-0.2 ,-0.3 ,-2.8 ,-3.6 ,-3.3 ,-3.3 ,-3.9 ,-3.4 ,-3.6 ,-2.8 ,-3.3 
A;GROWRT;DE11,-0.5 ,0.4 ,-0.2 ,-1.4 ,0.4 ,3.6 ,5.8 ,6.4 ,8.9 ,15.2 ,7.0 ,6.9 
A;GROWRT;DE12,0.7 ,1.8 ,0.3 ,0.1 ,1.4 ,3.0 ,5.6 ,6.0 ,6.8 ,14.8 ,6.3 ,5.9 
A;GROWRT;DE13,1.1 ,1.5 ,-0.3 ,0.2 ,1.4 ,3.8 ,5.3 ,5.6 ,7.8 ,14.9 ,6.8 ,6.6 
A;GROWRT;DE14,0.4 ,0.6 ,0.2 ,0.1 ,0.2 ,2.0 ,4.3 ,4.7 ,8.1 ,15.5 ,6.0 ,6.4 
A;GROWRT;DE21,9.6 ,8.0 ,5.0 ,2.6 ,8.2 ,11.3 ,12.0 ,12.1 ,11.3 ,15.1 ,9.6 ,3.5 
A;GROWRT;DE22,-2.6 ,0.3 ,-1.9 ,-2.3 ,0.2 ,2.9 ,4.7 ,6.5 ,7.0 ,12.1 ,6.0 ,8.7 
A;GROWRT;DE23,-1.5 ,-1.2 ,-2.7 ,-2.2 ,-0.3 ,0.6 ,2.5 ,3.0 ,4.4 ,8.8 ,5.5 ,5.5 
A;GROWRT;DE24,-6.3 ,-5.2 ,-5.8 ,-5.7 ,-4.7 ,-3.5 ,-2.7 ,-2.2 ,-0.4 ,3.2 ,2.9 ,4.2 
A;GROWRT;DE25,0.2 ,0.9 ,-1.0 ,-1.3 ,0.8 ,5.1 ,6.0 ,5.2 ,4.6 ,13.6 ,6.5 ,5.5 
A;GROWRT;DE26,-2.7 ,-2.3 ,-5.5 ,-4.2 ,-2.9 ,-2.4 ,-1.0 ,0.2 ,0.7 ,5.5 ,2.4 ,3.2 
A;GROWRT;DE27,-1.2 ,0.9 ,-1.0 ,-1.0 ,0.1 ,2.7 ,5.4 ,7.4 ,8.4 ,13.5 ,6.5 ,8.2 
A;GROWRT;DE30,2.6 ,3.6 ,4.5 ,3.2 ,5.2 ,14.4 ,14.7 ,13.7 ,13.9 ,14.4 ,15.4 ,10.8 
A;GROWRT;DE40,-4.6 ,-4.7 ,-5.2 ,-4.4 ,-3.3 ,-3.3 ,-1.5 ,-0.1 ,3.5 ,10.9 ,3.9 ,3.8 
A;GROWRT;DE50,0.8 ,-1.4 ,-1.8 ,-0.2 ,-1.5 ,1.1 ,4.0 ,4.0 ,6.8 ,14.4 ,10.8 ,3.4 
A;GROWRT;DE60,6.0 ,9.3 ,0.8 ,1.2 ,6.9 ,7.3 ,9.3 ,6.9 ,9.4 ,13.9 ,12.8 ,11.1 
A;GROWRT;DE71,-1.4 ,1.9 ,1.2 ,2.2 ,3.3 ,7.8 ,7.4 ,8.2 ,10.8 ,15.0 ,7.3 ,6.8 
A;GROWRT;DE72,-3.6 ,-4.1 ,-4.4 ,-4.2 ,-2.9 ,-1.6 ,-2.2 ,-0.1 ,5.7 ,10.7 ,3.4 ,2.1 
A;GROWRT;DE73,-6.4 ,-4.7 ,-6.1 ,-5.5 ,-3.7 ,-2.8 ,-2.3 ,-1.7 ,1.0 ,10.5 ,3.7 ,1.0 
A;GROWRT;DE80,-7.9 ,-8.3 ,-9.2 ,-7.9 ,-5.4 ,-4.9 ,-4.1 ,-2.4 ,1.6 ,8.2 ,-1.0 ,0.3 
A;GROWRT;DE91,-5.3 ,-5.2 ,-5.9 ,-4.3 ,-4.6 ,-2.3 ,-0.9 ,0.3 ,3.1 ,11.6 ,-1.6 ,0.1 
A;GROWRT;DE92,-1.7 ,-1.6 ,-3.6 ,-3.1 ,-1.7 ,-0.2 ,0.7 ,2.0 ,4.4 ,11.3 ,3.6 ,1.9 
A;GROWRT;DE93,-0.7 ,-1.1 ,-2.6 ,-1.8 ,-0.8 ,-1.7 ,0.1 ,1.7 ,4.5 ,13.2 ,2.3 ,1.5 
A;GROWRT;DE94,0.9 ,1.1 ,-1.1 ,-0.7 ,0.8 ,1.0 ,1.8 ,1.7 ,5.9 ,14.3 ,4.0 ,4.1 
A;GROWRT;DEA1,-1.8 ,-1.7 ,-3.3 ,-3.5 ,-2.1 ,-0.8 ,0.8 ,1.5 ,3.8 ,12.7 ,3.3 ,1.5 
A;GROWRT;DEA2,1.4 ,1.5 ,-1.1 ,-0.7 ,2.2 ,3.8 ,3.9 ,4.0 ,6.6 ,13.8 ,3.8 ,3.3 
A;GROWRT;DEA3,-1.2 ,-1.9 ,-3.4 ,-3.0 ,-1.3 ,1.5 ,0.1 ,0.7 ,2.5 ,12.9 ,2.0 ,0.7 
A;GROWRT;DEA4,-2.1 ,-3.0 ,-4.2 ,-3.6 ,-2.4 ,-2.1 ,-0.8 ,-0.5 ,2.6 ,13.9 ,-1.8 ,0.1 
A;GROWRT;DEA5,-4.9 ,-4.9 ,-6.5 ,-6.4 ,-4.9 ,-3.3 ,-2.8 ,-2.2 ,1.7 ,11.0 ,-3.1 ,-0.8 
A;GROWRT;DEB1,-5.0 ,-4.0 ,-5.6 ,-5.8 ,-4.8 ,-4.0 ,-2.7 ,-1.3 ,1.9 ,7.5 ,2.6 ,0.6 
A;GROWRT;DEB2,4.8 ,0.3 ,-1.3 ,-3.0 ,-1.1 ,-0.4 ,-0.2 ,1.6 ,5.2 ,20.6 ,-7.5 ,1.6 
A;GROWRT;DEB3,-0.4 ,-0.7 ,-4.1 ,-2.7 ,-0.6 ,1.0 ,2.1 ,2.6 ,5.8 ,9.5 ,6.6 ,2.9 
A;GROWRT;DEC0,-6.8 ,-6.3 ,-6.1 ,-7.5 ,-4.9 ,-4.0 ,-3.6 ,-3.6 ,-1.7 ,6.6 ,1.1 ,-2.5 
A;GROWRT;DED2,-3.2 ,-6.3 ,-5.2 ,-4.1 ,-2.8 ,-1.8 ,-0.2 ,-0.2 ,1.2 ,6.3 ,-1.6 ,-1.0 
A;GROWRT;DED4,: ,: ,: ,: ,: ,-9.2 ,-7.6 ,-7.6 ,-3.8 ,1.6 ,-7.9 ,-6.3 
A;GROWRT;DED5,: ,: ,: ,: ,: ,4.7 ,7.8 ,8.0 ,12.8 ,17.2 ,10.8 ,10.0 
A;GROWRT;DEE0,-11.4 ,-12.1 ,-12.8 ,-10.8 ,-9.0 ,-9.0 ,-7.6 ,-6.6 ,-4.0 ,4.4 ,-4.1 ,-5.9 
A;GROWRT;DEF0,0.5 ,1.1 ,-1.1 ,-0.8 ,0.8 ,0.8 ,1.5 ,3.4 ,5.3 ,9.8 ,8.1 ,2.7 
A;GROWRT;DEG0,-10.1 ,-9.5 ,-9.4 ,-7.9 ,-6.6 ,-6.3 ,-5.1 ,-4.4 ,-1.9 ,6.4 ,-5.8 ,-3.2 
A;GROWRT;DK01,: ,5.5 ,10.0 ,10.8 ,11.3 ,8.9 ,10.1 ,10.0 ,10.6 ,11.8 ,10.1 ,8.4 
A;GROWRT;DK02,: ,4.0 ,2.2 ,-0.8 ,-1.0 ,-2.3 ,-1.9 ,0.4 ,4.6 ,8.5 ,6.1 ,3.0 
A;GROWRT;DK03,: ,4.1 ,4.2 ,0.5 ,0.3 ,0.6 ,0.1 ,0.9 ,2.7 ,5.0 ,4.5 ,2.9 
A;GROWRT;DK04,: ,7.8 ,8.6 ,5.0 ,5.6 ,4.5 ,4.6 ,3.9 ,4.1 ,8.2 ,8.4 ,7.1 
A;GROWRT;DK05,: ,3.2 ,2.9 ,-1.5 ,0.3 ,0.3 ,0.5 ,1.4 ,2.7 ,4.9 ,3.1 ,3.1 
A;GROWRT;EE00,-5.8 ,-3.3 ,-2.0 ,-1.8 ,-2.7 ,-3.3 ,-3.8 ,-3.3 ,-1.9 ,0.8 b,-0.2 ,2.7 
A;GROWRT;EL30,2.8 ,2.0 ,2.2 ,0.9 ,-2.5 ,-7.3 ,-13.0 ,-12.6 ,-10.6 ,-10.9 ,-2.0 ,-4.5 
A;GROWRT;EL41,-5.0 ,2.4 ,4.2 ,3.3 ,3.3 ,-1.2 ,-5.6 ,-4.5 ,-4.5 ,-5.3 ,35.2 ,35.9 
A;GROWRT;EL42,8.5 ,6.3 ,6.9 ,2.5 ,4.0 ,2.4 ,-0.4 ,0.4 ,0.2 ,-0.2 ,10.7 ,7.3 
A;GROWRT;EL43,7.1 ,6.8 ,8.4 ,7.7 ,6.4 ,3.5 ,1.1 ,1.3 ,1.0 ,0.5 ,1.4 ,1.3 
A;GROWRT;EL51,4.9 ,4.0 ,5.3 ,2.4 ,2.4 ,0.8 ,-3.2 ,-3.1 ,-2.8 ,-3.3 ,-2.8 ,-2.7 
A;GROWRT;EL52,4.7 ,3.5 ,4.2 ,4.1 ,1.8 ,-1.5 ,-5.2 ,-4.9 ,-5.0 ,-5.6 ,-1.7 ,-2.2 
A;GROWRT;EL53,-1.3 ,-0.6 ,-0.1 ,-0.8 ,-1.9 ,-6.4 ,-9.7 ,-9.3 ,-8.2 ,-9.4 ,-8.6 ,-8.4 
A;GROWRT;EL54,2.5 ,1.8 ,2.2 ,2.3 ,1.6 ,-3.1 ,-6.7 ,-6.1 ,-5.6 ,-6.8 ,-4.7 ,-2.7 
A;GROWRT;EL61,1.9 ,1.0 ,2.2 ,1.9 ,1.0 ,-2.5 ,-5.7 ,-5.3 ,-5.5 ,-5.8 ,-4.9 ,-5.3 
A;GROWRT;EL62,2.2 ,1.7 ,3.1 ,2.5 ,2.6 ,-0.4 ,-4.3 ,-2.8 ,-2.9 ,-4.4 ,-3.5 ,-4.2 
A;GROWRT;EL63,-1.7 ,-1.9 ,-0.8 ,-1.0 ,-2.0 ,-4.3 ,-7.8 ,-7.1 ,-6.6 ,-7.5 ,-6.4 ,-6.8 
A;GROWRT;EL64,0.9 ,0.8 ,3.1 ,4.2 ,3.6 ,0.0 ,-2.8 ,-1.6 ,-2.6 ,-3.5 ,-0.1 ,-0.2 
A;GROWRT;EL65,0.7 ,0.7 ,2.2 ,2.2 ,1.9 ,-0.9 ,-3.7 ,-2.9 ,-3.0 ,-4.1 ,-3.2 ,-4.2 
A;GROWRT;ES11,4.0 ,5.0 ,4.6 ,1.8 ,0.3 ,-0.5 ,-3.6 ,-5.4 ,-4.6 ,-5.3 ,-3.6 ,-2.6 
A;GROWRT;ES12,1.7 ,5.4 ,4.8 ,0.8 ,-1.1 ,-1.5 ,-6.1 ,-8.3 ,-8.6 ,-8.6 ,-6.4 ,-6.5 
A;GROWRT;ES13,12.7 ,15.8 ,12.7 ,6.6 ,4.0 ,2.6 ,-4.0 ,-4.0 ,-4.0 ,-4.9 ,-1.7 ,-0.3 
A;GROWRT;ES21,7.0 ,7.8 ,6.8 ,2.5 ,1.7 ,0.7 ,-3.5 ,-4.5 ,-1.0 ,-0.5 ,1.5 ,1.6 
A;GROWRT;ES22,17.9 ,22.8 ,17.0 ,9.1 ,6.4 ,4.6 ,-1.7 ,-3.9 ,-0.1 ,1.7 ,4.5 ,5.5 
A;GROWRT;ES23,17.7 ,25.9 ,11.3 ,0.5 ,2.9 ,0.3 ,-7.2 ,-10.8 ,-5.3 ,-2.4 ,-0.6 ,0.8 
A;GROWRT;ES24,16.1 ,23.8 ,13.0 ,1.0 ,0.2 ,-0.4 ,-4.1 ,-5.3 ,-3.7 ,-5.9 ,-1.9 ,-2.2 
A;GROWRT;ES30,20.2 ,24.6 ,16.2 ,7.2 ,3.2 ,4.9 ,-1.7 ,-5.7 ,1.1 ,6.1 ,8.1 ,11.2 
A;GROWRT;ES41,7.8 ,10.9 ,2.9 ,-0.7 ,-0.8 ,-3.0 ,-7.6 ,-9.1 ,-7.1 ,-9.6 ,-7.6 ,-7.2 
A;GROWRT;ES42,27.7 ,30.3 ,16.9 ,8.7 ,7.0 ,3.3 ,-5.5 ,-9.2 ,-6.0 ,-6.7 ,-3.9 ,-4.1 
A;GROWRT;ES43,6.4 ,7.2 ,4.6 ,4.5 ,2.4 ,1.8 ,-3.1 ,-4.1 ,-4.4 ,-6.1 ,-6.9 ,-6.6 
A;GROWRT;ES51,19.9 ,22.1 ,15.7 ,4.9 ,4.0 ,2.9 ,-4.5 ,-8.7 ,-2.6 ,1.5 ,4.4 ,6.4 
A;GROWRT;ES52,25.4 ,26.0 ,10.7 ,1.7 ,1.9 ,2.1 ,-4.5 ,-6.2 ,-3.4 ,-1.5 ,0.6 ,2.2 
A;GROWRT;ES53,35.3 ,36.8 ,25.8 ,12.5 ,7.3 ,8.3 ,8.5 ,5.1 ,8.1 ,9.3 ,13.5 ,13.8 
A;GROWRT;ES61,15.2 ,16.4 ,11.6 ,7.6 ,6.8 ,5.5 ,1.8 ,-0.5 ,1.3 ,0.5 ,0.6 ,0.1 
A;GROWRT;ES62,25.3 ,24.1 ,15.5 ,8.1 ,3.8 ,2.0 ,0.0 ,-0.1 ,1.3 ,1.8 ,4.4 ,1.7 
A;GROWRT;ES63,18.4 ,14.6 ,22.0 ,30.3 ,28.9 ,26.9 ,8.2 ,1.6 ,0.2 ,-0.5 ,4.5 ,2.1 
A;GROWRT;ES64,27.3 ,32.5 ,29.3 ,35.9 ,36.4 ,36.4 ,22.1 ,3.0 ,8.3 ,2.3 ,2.1 ,-2.8 
A;GROWRT;ES70,24.2 ,23.3 ,16.7 ,9.7 ,9.6 ,10.2 ,9.2 ,4.6 ,5.3 ,4.3 ,9.2 ,10.2 
A;GROWRT;FI19,3.5 ,4.2 ,3.7 ,4.1 ,3.6 ,3.8 ,3.7 ,2.9 ,2.1 ,1.3 ,1.1 ,-0.2 
A;GROWRT;FI1B,10.5 ,11.0 ,11.9 ,10.6 ,9.7 ,10.9 ,11.4 ,11.8 ,11.2 ,10.5 ,11.1 ,10.5 
A;GROWRT;FI1C,2.4 ,2.2 ,2.8 ,2.1 ,2.6 ,1.9 ,1.5 ,1.0 ,-0.2 ,-1.0 ,-1.1 ,-1.9 
A;GROWRT;FI1D,-1.2 ,-0.9 ,-0.4 ,0.7 ,0.8 ,1.1 ,0.5 ,0.5 ,-0.3 ,-1.5 ,-1.9 ,-4.2 
A;GROWRT;FI20,5.8 ,8.5 ,11.1 ,10.1 ,9.8 ,12.3 ,5.2 ,5.8 ,8.7 ,2.3 ,7.9 ,9.4 
A;GROWRT;FR10,5.7 ,5.2 ,5.9 ,4.9 ,5.6 ,3.8 ,5.1 p,5.6 ,4.5 ,2.9 ,2.9 ,2.6 
A;GROWRT;FR21,0.5 ,-1.1 ,0.0 ,-1.5 ,0.1 ,2.4 ,-0.2 p,0.2 ,-0.8 p,-1.3 p,-1.6 p,: 
A;GROWRT;FR22,3.2 ,3.3 ,2.4 ,1.9 ,1.7 ,2.2 ,2.5 p,1.5 ,1.0 p,0.8 p,0.2 p,: 
A;GROWRT;FR23,3.1 ,4.9 ,4.0 ,2.2 ,1.3 ,3.3 ,2.2 p,3.6 ,1.8 p,1.6 p,1.4 p,: 
A;GROWRT;FR24,2.9 ,1.8 ,2.8 ,3.7 ,3.4 ,2.6 ,2.7 p,2.7 ,0.4 p,0.8 p,0.7 p,: 
A;GROWRT;FR25,3.2 ,4.1 ,2.4 ,1.8 ,1.5 ,1.0 ,1.0 p,0.5 ,0.1 p,-0.5 p,-1.0 p,: 
A;GROWRT;FR26,3.1 ,2.9 ,2.3 ,-0.2 ,0.4 ,-1.0 ,0.9 p,-0.1 ,-0.8 p,-1.0 p,-1.4 p,: 
A;GROWRT;FR30,0.8 ,0.7 ,2.2 ,1.2 ,1.0 ,2.2 ,2.5 p,3.8 ,0.4 p,1.3 p,0.9 p,: 
A;GROWRT;FR41,1.8 ,2.8 ,1.6 ,0.3 ,-0.1 ,-0.4 ,-2.0 p,-1.2 ,-0.4 p,-2.2 p,-2.4 p,: 
A;GROWRT;FR42,6.5 ,5.4 ,3.2 ,1.4 ,3.6 ,4.1 ,4.5 p,2.5 ,3.4 p,2.6 p,2.5 p,: 
A;GROWRT;FR43,7.0 ,4.5 ,3.7 ,3.0 ,1.4 ,1.9 ,1.2 p,0.8 ,1.4 p,0.2 p,-0.1 p,: 
A;GROWRT;FR51,9.3 ,7.9 ,8.2 ,9.1 ,8.3 ,8.7 ,7.7 p,8.2 ,7.5 p,6.5 p,6.2 p,: 
A;GROWRT;FR52,8.3 ,9.4 ,8.0 ,7.5 ,5.8 ,6.0 ,6.7 p,5.5 ,5.3 p,4.7 p,4.2 p,: 
A;GROWRT;FR53,9.0 ,7.4 ,4.5 ,5.5 ,4.2 ,3.5 ,3.2 p,4.4 ,2.9 p,2.4 p,2.2 p,: 
A;GROWRT;FR61,9.9 ,8.4 ,8.9 ,8.1 ,6.7 ,9.7 ,9.4 p,7.9 ,8.1 p,7.6 p,7.6 p,: 
A;GROWRT;FR62,12.0 ,9.9 ,8.6 ,6.6 ,7.5 ,7.9 ,9.4 p,8.4 ,7.5 p,7.6 p,7.3 p,: 
A;GROWRT;FR63,8.3 ,5.1 ,1.4 ,1.3 ,-2.3 ,-3.3 ,-1.5 p,0.8 ,-0.1 p,-1.4 p,-1.5 p,: 
A;GROWRT;FR71,7.4 ,8.4 ,9.2 ,9.1 ,8.4 ,9.1 ,9.2 p,9.4 ,9.2 p,8.3 p,7.9 p,: 
A;GROWRT;FR72,2.5 ,2.0 ,1.6 ,2.5 ,2.4 ,2.5 ,2.6 p,2.1 ,2.6 p,1.5 p,1.0 p,: 
A;GROWRT;FR81,10.5 ,8.1 ,11.2 ,9.7 ,12.7 ,11.3 ,10.8 p,8.0 ,9.6 p,8.8 p,7.5 p,: 
A;GROWRT;FR82,10.1 ,3.9 ,1.3 ,2.1 ,3.4 ,4.0 ,3.7 p,6.0 ,4.5 p,3.7 p,3.9 p,: 
A;GROWRT;FR83,17.2 ,12.5 ,8.9 ,13.1 ,15.4 ,5.6 ,12.4 p,12.4 ,9.7 p,9.1 p,10.6 p,: 
A;GROWRT;FRA1,: ,: ,: ,: ,: ,: ,: ,-5.5 ,-6.4 p,-6.2 p,-5.8 p,: 
A;GROWRT;FRA2,0.0 ,-0.1 ,-3.2 ,-5.6 ,-4.8 ,-10.1 ,-7.3 p,-4.3 ,-9.1 p,-9.5 p,-8.7 p,: 
A;GROWRT;FRA3,33.8 ,28.8 ,23.5 ,20.2 ,36.5 ,8.8 ,18.5 p,33.1 ,19.7 p,19.9 p,27.1 p,: 
A;GROWRT;FRA4,15.4 ,17.7 ,10.0 ,5.8 ,9.0 ,6.5 ,1.4 p,9.1 ,5.0 p,4.7 p,5.6 p,: 
A;GROWRT;FRA5,: ,: ,: ,: ,: ,: ,: ,: ,: ,35.6 p,39.4 p,: 
A;GROWRT;FRB0,2.9 ,1.8 ,2.8 ,3.7 ,3.4 ,2.6 p,2.7 p,2.7 ,0.4 ,-0.3 ,-0.8 ,-1.7 
A;GROWRT;FRC1,3.1 ,2.9 ,2.3 ,-0.2 ,0.4 ,-1.0 p,0.9 p,-0.1 ,-0.8 ,-2.0 ,-2.9 ,-3.8 
A;GROWRT;FRC2,7.0 ,4.5 ,3.7 ,3.0 ,1.4 ,1.9 p,1.2 p,0.8 ,1.4 ,0.6 ,-0.8 ,-1.8 
A;GROWRT;FRD1,3.2 ,4.1 ,2.4 ,1.8 ,1.5 ,1.0 p,1.0 p,0.5 ,0.1 ,-1.4 ,-2.3 ,-3.1 
A;GROWRT;FRD2,3.1 ,4.9 ,4.0 ,2.2 ,1.3 ,3.3 p,2.2 p,3.6 ,1.8 ,-0.6 ,0.1 ,-0.8 
A;GROWRT;FRE1,0.8 ,0.7 ,2.2 ,1.2 ,1.0 ,2.2 p,2.5 p,3.8 ,0.4 ,-0.8 ,-0.8 ,-1.6 
A;GROWRT;FRE2,3.2 ,3.3 ,2.4 ,1.9 ,1.7 ,2.2 p,2.5 p,1.5 ,1.0 ,0.2 ,-1.1 ,-1.6 
A;GROWRT;FRF1,6.5 ,5.4 ,3.2 ,1.4 ,3.6 ,4.1 p,4.5 p,2.5 ,3.4 ,2.6 ,1.3 ,0.6 
A;GROWRT;FRF2,0.5 ,-1.1 ,0.0 ,-1.5 ,0.1 ,2.4 p,-0.2 p,0.2 ,-0.8 ,-3.7 ,-3.3 ,-4.5 
A;GROWRT;FRF3,1.8 ,2.8 ,1.6 ,0.3 ,-0.1 ,-0.4 p,-2.0 p,-1.2 ,-0.4 ,-1.6 ,-2.8 ,-3.5 
A;GROWRT;FRG0,9.3 ,7.9 ,8.2 ,9.1 ,8.3 ,8.7 p,7.7 p,8.2 ,7.5 ,5.1 ,4.9 ,4.1 
A;GROWRT;FRH0,8.3 ,9.4 ,8.0 ,7.5 ,5.8 ,6.0 p,6.7 p,5.5 ,5.3 ,3.8 ,2.8 ,2.2 
A;GROWRT;FRI1,9.9 ,8.4 ,8.9 ,8.1 ,6.7 ,9.7 p,9.4 p,7.9 ,8.1 ,6.7 ,6.1 ,5.2 
A;GROWRT;FRI2,8.3 ,5.1 ,1.4 ,1.3 ,-2.3 ,-3.3 p,-1.5 p,0.8 ,-0.1 ,-2.7 ,-2.3 ,-2.8 
A;GROWRT;FRI3,9.0 ,7.4 ,4.5 ,5.5 ,4.2 ,3.5 p,3.2 p,4.4 ,2.9 ,1.9 ,1.3 ,0.2 
A;GROWRT;FRJ1,10.5 ,8.1 ,11.2 ,9.7 ,12.7 ,11.3 p,10.8 p,8.0 ,7.6 ,7.4 ,5.8 ,5.1 
A;GROWRT;FRJ2,12.0 ,9.9 ,8.6 ,6.6 ,7.5 ,7.9 p,9.4 p,8.4 ,7.5 ,4.5 ,5.1 ,4.3 
A;GROWRT;FRK1,2.5 ,2.0 ,1.6 ,2.5 ,2.4 ,2.5 p,2.6 p,2.1 ,1.4 ,0.8 ,-0.3 ,-1.1 
A;GROWRT;FRK2,7.4 ,8.4 ,9.2 ,9.1 ,8.4 ,9.1 p,9.2 p,9.4 ,8.5 ,5.8 ,6.2 ,5.5 
A;GROWRT;FRL0,10.1 ,3.9 ,1.3 ,2.1 ,3.4 ,4.0 p,3.7 p,6.0 ,4.9 ,2.8 ,2.9 ,2.4 
A;GROWRT;FRM0,17.2 ,12.5 ,8.9 ,13.1 ,15.4 ,5.6 p,12.4 p,12.4 ,9.4 ,9.6 ,9.3 ,8.7 
A;GROWRT;FRY1,: ,: ,: ,: ,: ,: ,: ,-5.5 ,-3.7 ,-8.8 ,-8.0 ,-9.8 
A;GROWRT;FRY2,0.0 ,-0.1 ,-3.2 ,-5.6 ,-4.8 ,-10.1 p,-7.3 p,-4.3 ,-7.9 ,-11.6 ,-10.2 ,-10.9 
A;GROWRT;FRY3,33.8 ,28.8 ,23.5 ,20.2 ,36.5 ,8.8 p,18.5 p,33.1 ,29.4 ,35.9 ,32.2 ,33.0 
A;GROWRT;FRY4,15.4 ,17.7 ,10.0 ,5.8 ,9.0 ,6.5 p,1.4 p,9.1 ,9.4 ,2.6 ,5.7 ,5.2 
A;GROWRT;FRY5,: ,: ,: ,: ,: ,: ,: ,: ,37.2 ,37.2 ,39.1 ,38.2 
A;GROWRT;HR03,5.1 ,3.6 ,2.1 ,0.7 ,-1.8 ,-2.0 ,-2.0 ,-1.3 ,-2.6 ,-5.7 ,-5.0 ,-6.5 
A;GROWRT;HR04,-2.1 ,-2.3 ,-1.8 ,-2.7 ,-3.6 ,-3.8 ,-3.9 ,-4.7 ,-6.3 ,-9.5 ,-10.6 ,-14.5 
A;GROWRT;HU10,5.9 ,8.5 ,9.7 ,8.8 ,6.7 ,4.6 p,4.4 ,3.9 ,6.2 ,3.4 ,2.0 ,: 
A;GROWRT;HU11,: ,: ,: ,: ,: ,: ,: ,5.1 ,7.4 ,1.0 ,-3.8 ,-1.7 
A;GROWRT;HU12,: ,: ,: ,: ,: ,: ,: ,2.1 ,4.4 ,6.8 ,10.3 ,11.6 
A;GROWRT;HU21,-0.6 ,-2.4 ,-1.5 ,-4.1 ,-4.2 ,-3.4 p,-4.5 ,-5.1 ,-5.4 ,-2.5 ,-4.4 ,-0.5 
A;GROWRT;HU22,-0.8 ,-1.4 ,0.2 ,-1.8 ,-1.7 ,-1.3 p,0.9 ,-0.8 ,-0.6 ,0.0 ,-0.7 ,2.2 
A;GROWRT;HU23,-3.1 ,-7.9 ,-7.4 ,-5.3 ,-7.8 ,-7.2 p,-6.5 ,-8.3 ,-9.2 ,-9.1 ,-7.4 ,-8.3 
A;GROWRT;HU31,-8.0 ,-11.9 ,-10.9 ,-11.6 ,-12.0 ,-10.2 p,-9.5 ,-10.6 ,-10.3 ,-9.6 ,-8.5 ,-7.9 
A;GROWRT;HU32,-5.1 ,-7.4 ,-7.7 ,-6.6 ,-7.1 ,-6.0 p,-4.8 ,-4.9 ,-3.3 ,-3.5 ,-4.3 ,-5.5 
A;GROWRT;HU33,-3.8 ,-5.8 ,-6.8 ,-5.5 ,-7.4 ,-6.9 p,-5.9 ,-7.1 ,-6.6 ,-6.4 ,-8.8 ,-6.5 
A;GROWRT;IE01,30.2 ,26.3 ,20.5 ,9.5 ,8.3 ,3.4 ,4.1 ,0.5 ,2.0 ,7.6 ,12.1 ,: 
A;GROWRT;IE02,31.1 ,26.9 ,11.8 ,5.0 ,3.4 ,4.3 ,4.6 ,8.1 ,10.9 ,11.3 ,12.3 ,: 
A;GROWRT;IE04,: ,: ,: ,: ,: ,: ,2.6 ,-0.6 ,0.1 ,6.4 ,10.9 ,9.2 
A;GROWRT;IE05,: ,: ,: ,: ,: ,: ,5.9 ,4.4 ,2.6 ,5.3 ,10.2 ,8.2 
A;GROWRT;IE06,: ,: ,: ,: ,: ,: ,4.1 ,9.7 ,15.8 ,15.3 ,14.0 ,10.6 
A;GROWRT;IS00,25.6 ,25.0 ,12.3 ,-5.5 ,2.6 ,3.5 ,7.1 ,11.8 ,10.5 ,10.4 ,17.4 ,29.4 
A;GROWRT;ITC1,1.4 ,10.8 ,5.6 ,1.3 ,0.5 ,-1.5 ,3.8 ,14.2 ,-2.8 ,-4.6 ,-2.7 ,-3.8 
A;GROWRT;ITC2,5.5 ,7.2 ,6.5 ,2.5 ,0.6 ,-1.1 ,9.6 ,5.8 ,-2.3 ,-7.6 ,-3.5 ,-5.4 
A;GROWRT;ITC3,-1.0 ,0.5 ,2.5 ,-0.5 ,-1.5 ,-4.3 ,-1.4 ,17.0 ,-5.5 ,-7.7 ,-3.7 ,-5.3 
A;GROWRT;ITC4,5.6 ,8.0 ,8.0 ,5.8 ,6.5 ,3.8 ,9.6 ,18.1 ,2.9 ,0.6 ,1.1 ,1.7 
A;GROWRT;ITF1,1.3 ,9.7 ,6.2 ,1.3 ,-0.4 ,-0.7 ,4.7 ,16.2 ,-1.8 ,-3.8 ,-3.2 ,-5.3 
A;GROWRT;ITF2,-3.4 ,1.4 ,-2.2 ,-4.5 ,-3.8 ,-3.8 ,0.6 ,4.4 ,-4.4 ,-4.2 ,-5.1 ,-6.3 
A;GROWRT;ITF3,-0.6 ,2.2 ,0.0 ,1.4 ,1.3 ,-0.2 ,0.9 ,17.2 ,-1.4 ,-1.8 ,-2.0 ,-2.1 
A;GROWRT;ITF4,-0.3 ,2.1 ,0.8 ,1.0 ,1.4 ,-0.9 ,0.2 ,9.7 ,0.0 ,-3.2 ,-3.3 ,-3.9 
A;GROWRT;ITF5,-6.4 ,-1.5 ,-2.3 ,-4.1 ,-3.1 ,-3.1 ,-2.4 ,3.8 ,-3.1 ,-5.1 ,-5.8 ,-5.7 
A;GROWRT;ITF6,-5.5 ,3.3 ,-1.7 ,-2.3 ,-1.8 ,-2.3 ,-0.1 ,11.3 ,-2.0 ,-3.1 ,-2.7 ,-4.3 
A;GROWRT;ITG1,-0.2 ,2.7 ,1.8 ,1.4 ,1.6 ,-1.2 ,0.0 ,18.8 ,-0.6 ,-3.5 ,-3.5 ,-5.9 
A;GROWRT;ITG2,1.0 ,2.5 ,1.7 ,-0.8 ,0.2 ,-2.3 ,1.5 ,14.2 ,-0.3 ,-3.1 ,-3.0 ,-3.0 
A;GROWRT;ITH1,10.2 ,11.8 ,9.2 ,7.6 ,7.0 ,5.7 ,9.7 ,11.9 ,5.4 ,4.6 ,6.4 ,6.6 
A;GROWRT;ITH2,9.2 ,11.8 ,11.3 ,7.6 ,7.1 ,4.6 ,10.3 ,11.1 ,2.2 ,1.5 ,0.7 ,2.4 
A;GROWRT;ITH3,5.7 ,11.4 ,9.2 ,3.0 ,2.1 ,0.4 ,5.8 ,9.2 ,0.2 ,-2.5 ,-1.5 ,-0.5 
A;GROWRT;ITH4,3.4 ,7.2 ,5.8 ,0.1 ,-0.6 ,-2.5 ,3.3 ,6.1 ,-1.8 ,-4.8 ,-2.7 ,-1.9 
A;GROWRT;ITH5,6.8 ,11.3 ,12.8 ,6.9 ,5.7 ,2.3 ,8.3 ,15.6 ,0.9 ,-0.5 ,0.2 ,0.9 
A;GROWRT;ITI1,3.3 ,9.2 ,7.2 ,4.4 ,3.2 ,-0.3 ,6.8 ,15.5 ,0.6 ,-2.2 ,-0.5 ,-1.5 
A;GROWRT;ITI2,3.4 ,12.5 ,9.6 ,5.6 ,4.3 ,-0.9 ,3.4 ,11.8 ,-2.2 ,-4.0 ,-2.6 ,-4.8 
A;GROWRT;ITI3,3.7 ,10.9 ,9.9 ,2.6 ,1.1 ,-0.8 ,2.9 ,5.2 ,-1.5 ,-4.6 ,-3.7 ,-4.1 
A;GROWRT;ITI4,5.9 ,12.2 ,11.0 ,7.6 ,7.1 ,3.4 ,10.4 ,54.8 ,3.7 ,-0.7 ,1.6 ,-0.2 
A;GROWRT;LI00,7.5 ,5.3 ,6.6 ,8.5 ,7.1 ,9.0 ,9.9 ,7.9 ,6.4 ,6.8 ,5.0 ,8.0 
A;GROWRT;LT00,-12.2 ,-11.6 ,-9.0 ,-13.2 ,-28.9 ,-16.2 ,-10.6 ,-9.6 ,-7.6 ,-11.3 ,-14.2 ,: 
A;GROWRT;LT01,: ,: ,: ,: ,: ,: ,: ,-0.3 ,1.8 ,-2.7 ,-0.3 ,0.2 
A;GROWRT;LT02,: ,: ,: ,: ,: ,: ,: ,-13.1 ,-11.1 ,-14.6 ,-19.6 ,-19.4 
A;GROWRT;LU00,15.0 ,15.9 ,19.9 ,17.2 ,19.3 ,25.1 ,23.0 ,23.3 ,23.9 ,23.3 ,19.8 ,19.0 b
A;GROWRT;LV00,-8.6 ,-7.7 ,-13.3 ,-19.8 ,-21.9 ,-14.5 ,-10.3 ,-11.1 ,-7.7 ,-8.7 ,-9.6 ,-8.1 
A;GROWRT;ME00,2.5 ,1.5 ,2.6 ,3.0 ,1.4 ,0.7 ,0.9 ,1.0 ,0.9 ,0.2 ,0.3 ,0.0 
A;GROWRT;MK00,1.7 ,1.6 ,1.7 ,2.0 ,2.2 ,1.2 p,1.2 p,1.5 ,1.7 ,1.0 ,1.2 ,0.8 
A;GROWRT;MT00,1.5 ,5.4 ,7.6 ,7.5 ,2.3 ,6.1 ,11.8 ,16.2 ,23.6 ,24.1 ,21.7 ,32.9 
A;GROWRT;NL11,-0.7 ,-0.3 ,1.1 ,4.5 ,4.1 ,3.2 ,1.4 ,1.8 ,2.1 ,-0.4 ,-0.2 ,-1.1 
A;GROWRT;NL12,0.0 ,1.5 ,2.5 ,2.3 ,1.5 ,-0.1 ,-0.5 ,-0.8 ,-0.1 ,-0.3 ,1.3 ,0.6 
A;GROWRT;NL13,3.5 ,4.0 ,3.6 ,2.2 ,0.9 ,-1.2 ,-1.8 ,-1.9 ,-0.8 ,0.1 ,6.5 ,0.6 
A;GROWRT;NL21,2.6 ,3.2 ,4.8 ,4.4 ,3.6 ,2.8 ,1.5 ,0.3 ,0.8 ,3.2 ,3.0 ,3.3 
A;GROWRT;NL22,1.7 ,2.4 ,3.6 ,3.9 ,2.9 ,3.0 ,2.5 ,1.9 ,3.4 ,4.3 ,6.1 ,5.9 
A;GROWRT;NL23,10.1 ,11.3 ,12.5 ,11.5 ,10.5 ,9.0 ,7.3 ,3.6 ,4.7 ,5.7 ,9.2 ,9.4 
A;GROWRT;NL31,8.9 ,9.0 ,7.9 ,8.3 ,6.4 ,6.8 ,6.6 ,6.7 ,7.9 ,7.9 ,8.5 ,8.5 
A;GROWRT;NL32,2.5 ,5.0 ,7.7 ,8.5 ,8.4 ,6.8 ,5.3 ,6.2 ,7.5 ,8.3 ,8.8 ,7.7 
A;GROWRT;NL33,-1.1 ,1.8 ,5.8 ,6.9 ,6.5 ,6.8 ,3.2 ,3.7 ,6.4 ,6.2 ,7.7 ,8.4 
A;GROWRT;NL34,0.8 ,0.2 ,1.0 ,1.1 ,0.3 ,-0.3 ,-0.9 ,-1.2 ,0.3 ,1.4 ,0.8 ,1.9 
A;GROWRT;NL41,1.3 ,2.4 ,4.0 ,3.9 ,4.1 ,3.9 ,3.0 ,3.3 ,3.8 ,4.0 ,5.5 ,6.3 
A;GROWRT;NL42,-3.7 ,-3.6 ,-1.0 ,0.1 ,-0.1 ,0.4 ,-1.1 ,-1.7 ,-1.8 ,-1.5 ,1.2 ,-0.3 
A;GROWRT;NO01,17.4 ,19.9 ,22.0 ,18.2 ,19.0 ,21.3 ,17.6 ,16.4 ,18.7 ,15.2 ,15.4 ,12.8 
A;GROWRT;NO02,0.0 ,3.2 ,3.8 ,4.2 ,4.7 ,5.9 ,2.7 ,3.3 ,4.6 ,0.6 ,3.8 ,3.0 
A;GROWRT;NO03,7.0 ,10.7 ,11.0 ,9.7 ,10.7 ,11.8 ,11.2 ,9.1 ,7.5 ,8.2 ,8.3 ,6.7 
A;GROWRT;NO04,13.5 ,17.3 ,16.5 ,15.2 ,16.4 ,14.4 ,16.8 ,13.9 ,13.7 ,8.0 ,6.0 ,5.8 
A;GROWRT;NO05,5.0 ,9.1 ,11.2 ,12.8 ,12.3 ,11.2 ,12.6 ,10.6 ,10.0 ,7.2 ,6.5 ,3.5 
A;GROWRT;NO06,9.4 ,12.0 ,11.1 ,11.1 ,9.7 ,12.0 ,13.5 ,9.1 ,10.5 ,8.1 ,11.4 ,9.1 
A;GROWRT;NO07,-1.2 ,-0.4 ,3.0 ,4.7 ,5.6 ,5.3 ,8.1 ,7.3 ,5.7 ,1.9 ,6.1 ,2.8 
A;GROWRT;PL11,-4.4 ,-4.0 ,-2.8 ,-2.8 ,-2.8 ,-3.7 ,-3.6 ,-4.6 ,-3.6 ,-4.2 ,-3.1 ,: 
A;GROWRT;PL12,2.7 ,3.2 ,3.1 ,3.4 ,4.4 ,3.3 ,3.5 ,3.1 ,3.2 ,2.5 ,3.4 ,: 
A;GROWRT;PL21,1.5 ,2.4 ,2.5 ,3.4 ,3.9 ,2.9 ,2.2 ,1.7 ,2.6 ,1.6 ,2.9 ,2.9 
A;GROWRT;PL22,-3.6 ,-3.2 ,-1.8 ,-1.1 ,-1.1 ,-2.0 ,-2.3 ,-3.9 ,-2.7 ,-3.3 ,-2.2 ,-2.1 
A;GROWRT;PL31,-3.1 ,-3.0 ,-2.0 ,-2.1 ,-2.3 ,-3.3 ,-2.9 ,-4.1 ,-3.8 ,-3.7 ,-2.7 ,: 
A;GROWRT;PL32,-0.3 ,-0.1 ,1.0 ,1.1 ,1.1 ,0.2 ,0.6 ,-0.7 ,0.3 ,-0.4 ,0.6 ,: 
A;GROWRT;PL33,-4.0 ,-3.4 ,-2.2 ,-2.1 ,-3.2 ,-3.7 ,-3.4 ,-4.9 ,-4.1 ,-4.9 ,-3.5 ,: 
A;GROWRT;PL34,-3.0 ,-2.9 ,-1.0 ,-1.5 ,-1.0 ,-2.3 ,-2.2 ,-3.7 ,-2.6 ,-3.0 ,-1.7 ,: 
A;GROWRT;PL41,1.8 ,2.5 ,3.2 ,3.1 ,3.5 ,2.3 ,2.1 ,1.1 ,1.8 ,1.0 ,1.9 ,2.3 
A;GROWRT;PL42,-0.8 ,-0.3 ,0.4 ,0.1 ,0.1 ,-0.8 ,-0.7 ,-1.9 ,-1.7 ,-2.6 ,-1.7 ,-1.4 
A;GROWRT;PL43,-0.7 ,0.0 ,0.5 ,1.1 ,1.1 ,-0.3 ,0.2 ,-2.0 ,-1.1 ,-2.3 ,-0.3 ,-0.8 
A;GROWRT;PL51,-2.1 ,-1.4 ,-0.5 ,-0.2 ,0.6 ,-0.4 ,-0.6 ,-1.9 ,-0.4 ,-1.3 ,0.6 ,-0.3 
A;GROWRT;PL52,-5.2 ,-4.7 ,-3.9 ,-1.9 ,-2.4 ,-3.5 ,-3.5 ,-6.2 ,-3.5 ,-4.6 ,-1.9 ,-2.0 
A;GROWRT;PL61,-0.9 ,-0.1 ,0.9 ,0.6 ,0.3 ,-0.4 ,-0.8 ,-2.0 ,-1.2 ,-1.9 ,-0.7 ,-0.4 
A;GROWRT;PL62,-1.2 ,-0.5 ,0.6 ,0.0 ,0.1 ,-1.0 ,-0.9 ,-3.3 ,-1.9 ,-2.7 ,-2.9 ,-1.6 
A;GROWRT;PL63,2.1 ,3.3 ,3.9 ,4.8 ,4.7 ,3.3 ,2.9 ,2.4 ,3.0 ,2.4 ,3.8 ,4.0 
A;GROWRT;PL71,: ,: ,: ,: ,: ,: ,: ,: ,-3.6 ,-4.2 ,-3.1 ,-3.7 
A;GROWRT;PL72,: ,: ,: ,: ,: ,: ,: ,: ,-4.1 ,-4.9 ,-3.5 ,-4.5 
A;GROWRT;PL81,: ,: ,: ,: ,: ,: ,: ,: ,-3.8 ,-3.7 ,-2.7 ,-3.5 
A;GROWRT;PL82,: ,: ,: ,: ,: ,: ,: ,: ,0.3 ,-0.4 ,0.6 ,0.6 
A;GROWRT;PL84,: ,: ,: ,: ,: ,: ,: ,: ,-2.6 ,-3.0 ,-1.7 ,-1.8 
A;GROWRT;PL91,: ,: ,: ,: ,: ,: ,: ,: ,7.8 ,6.7 ,7.5 ,7.6 
A;GROWRT;PL92,: ,: ,: ,: ,: ,: ,: ,: ,-2.4 ,-2.7 ,-1.8 ,-1.9 
A;GROWRT;PT11,0.5 ,0.0 ,-1.9 ,-1.8 ,-3.4 ,-1.7 ,-5.7 ,-6.0 ,-6.2 ,-5.0 e,-5.3 ,-2.3 
A;GROWRT;PT15,12.3 ,13.3 ,12.6 ,12.9 ,12.2 ,-11.5 ,-3.9 ,-4.6 ,-2.0 ,1.0 e,-1.0 ,-4.2 
A;GROWRT;PT16,-0.8 ,-1.0 ,-1.8 ,-1.7 ,-2.6 ,-6.7 ,-7.5 ,-7.8 ,-7.6 ,-3.4 e,-5.5 ,-5.6 
A;GROWRT;PT17,5.0 ,5.8 ,5.9 ,5.7 ,5.2 ,1.5 ,-3.1 ,-3.9 ,0.6 ,1.2 e,3.1 ,4.4 
A;GROWRT;PT18,-2.0 ,-2.3 ,-3.8 ,-3.4 ,-4.4 ,-5.7 ,-7.6 ,-7.2 ,-13.5 ,-12.3 e,-8.7 ,-8.6 
A;GROWRT;PT20,2.3 ,2.9 ,1.2 ,0.9 ,-0.6 ,1.8 ,1.4 ,-0.4 ,-4.4 ,-2.4 e,-2.0 ,-5.8 
A;GROWRT;PT30,9.4 ,9.0 ,6.4 ,5.9 ,4.7 ,-14.0 ,-4.3 ,-6.8 ,-10.1 ,-8.8 e,-6.1 ,-2.0 
A;GROWRT;RO11,0.0 ,-1.9 ,-1.0 ,-0.6 ,-0.8 p,-2.0 p,-1.6 ,-1.8 ,-1.8 ,-3.5 ,-3.0 ,-3.1 
A;GROWRT;RO12,-4.0 ,0.2 ,0.6 ,-0.7 ,-0.7 p,-1.2 p,-0.5 ,-1.7 ,-2.2 ,-3.5 ,-3.9 ,-3.1 
A;GROWRT;RO21,-1.9 ,-1.4 ,-1.3 ,-1.4 ,-2.5 p,-0.7 p,-4.7 ,-1.7 ,-1.2 ,-3.9 ,-5.3 ,-5.7 
A;GROWRT;RO22,-3.3 ,-3.0 ,-2.6 ,-2.5 ,-3.1 p,-4.1 p,-6.2 ,-5.7 ,-6.7 ,-9.1 ,-9.4 ,-10.2 
A;GROWRT;RO31,-5.0 ,-3.9 ,-3.7 ,-3.8 ,-4.2 p,-4.5 p,-6.6 ,-7.4 ,-7.7 ,-9.8 ,-9.3 ,-12.8 
A;GROWRT;RO32,7.4 ,4.4 ,4.9 ,3.8 ,2.5 p,-1.1 p,1.4 ,0.3 ,0.5 ,1.8 ,-0.4 ,6.1 
A;GROWRT;RO41,-7.0 ,-6.6 ,-5.8 ,-5.2 ,-5.9 p,-5.7 p,-9.1 ,-7.5 ,-8.7 ,-11.1 ,-10.3 ,-11.8 
A;GROWRT;RO42,-1.3 ,0.0 ,-1.1 ,-2.6 ,-2.9 p,-3.2 p,-1.9 ,-3.7 ,-3.4 ,-5.3 ,-5.4 ,-4.5 
A;GROWRT;RS11,: ,: ,: ,: ,: ,: ,: ,: ,: ,: ,: ,1.6 
A;GROWRT;RS12,: ,: ,: ,: ,: ,: ,: ,: ,: ,: ,: ,-5.0 
A;GROWRT;RS21,: ,: ,: ,: ,: ,: ,: ,: ,: ,: ,: ,-8.6 
A;GROWRT;RS22,: ,: ,: ,: ,: ,: ,: ,: ,: ,: ,: ,-10.1 
A;GROWRT;SE11,14.8 ,16.2 ,16.2 ,19.0 ,17.3 ,17.9 ,16.8 ,16.8 ,16.1 ,15.1 ,16.7 ,17.1 
A;GROWRT;SE12,4.2 ,6.6 ,7.2 ,8.2 ,7.0 ,5.6 ,7.4 ,9.7 ,10.1 ,10.6 ,15.3 ,14.1 
A;GROWRT;SE21,2.7 ,3.9 ,3.1 ,2.7 ,1.9 ,1.6 ,3.5 ,4.4 ,8.3 ,9.7 ,15.9 ,10.8 
A;GROWRT;SE22,11.9 ,11.4 ,11.6 ,12.1 ,9.3 ,6.7 ,6.7 ,8.0 ,11.3 ,11.6 ,15.7 ,14.1 
A;GROWRT;SE23,7.0 ,6.3 ,7.1 ,7.8 ,7.2 ,6.7 ,6.4 ,9.1 ,10.7 ,10.6 ,14.5 ,11.7 
A;GROWRT;SE31,-0.2 ,0.2 ,0.2 ,0.9 ,1.1 ,-1.7 ,1.0 ,3.5 ,5.4 ,6.2 ,11.5 ,4.4 
A;GROWRT;SE32,0.6 ,-1.7 ,-0.3 ,-1.5 ,-1.1 ,-2.3 ,-0.7 ,1.2 ,3.3 ,3.9 ,8.0 ,4.1 
A;GROWRT;SE33,0.1 ,-2.5 ,-1.4 ,0.2 ,0.6 ,0.6 ,1.3 ,3.3 ,3.5 ,1.5 ,6.5 ,6.4 
A;GROWRT;SI03,1.8 ,-5.3 ,5.6 b,3.5 ,-1.1 ,0.6 ,-1.8 ,-2.3 ,-1.1 ,-1.2 ,-0.9 ,-1.3 
A;GROWRT;SI04,5.5 ,6.1 ,17.2 b,11.4 ,4.6 ,4.8 ,5.6 ,4.9 ,3.1 ,2.7 ,2.8 ,2.5 
A;GROWRT;SK01,-0.4 ,1.3 ,3.6 ,5.1 ,3.2 ,11.0 ,10.1 ,9.3 ,10.9 ,12.9 ,13.5 ,13.8 
A;GROWRT;SK02,-2.1 ,-0.8 ,-0.4 ,-1.5 ,-2.2 ,0.3 ,-0.6 ,-0.8 ,-1.0 ,-1.5 ,-0.8 ,-1.3 
A;GROWRT;SK03,-0.5 ,-0.5 ,-0.3 ,0.3 ,-0.7 ,0.3 ,-0.8 ,-1.0 ,-1.1 ,-1.7 ,-0.9 ,-1.1 
A;GROWRT;SK04,3.2 ,2.8 ,3.3 ,4.6 ,3.2 ,2.7 ,1.6 ,1.4 ,1.2 ,1.1 ,1.9 ,1.6 
A;GROWRT;TR10,18.3 e,17.9 e,9.8 ,17.0 ,26.0 ,27.4 ,16.8 ,21.8 ,15.2 ,19.3 ,10.0 ,15.1 
A;GROWRT;TR21,16.5 e,16.2 e,29.9 ,6.4 ,6.2 ,31.1 ,15.1 ,12.7 ,22.7 ,22.0 ,22.8 ,24.1 
A;GROWRT;TR22,6.3 e,5.9 e,6.6 ,7.9 ,15.3 ,-1.2 ,8.3 ,6.4 ,21.2 ,-0.5 ,9.3 ,11.2 
A;GROWRT;TR31,12.5 e,12.2 e,15.0 ,18.9 ,20.6 ,4.1 ,10.1 ,13.8 ,12.7 ,13.4 ,13.1 ,13.2 
A;GROWRT;TR32,12.6 e,12.3 e,20.5 ,12.3 ,11.5 ,14.7 ,10.2 ,15.1 ,22.2 ,13.8 ,14.1 ,13.5 
A;GROWRT;TR33,1.1 e,0.6 e,-8.7 ,9.2 ,21.7 ,-21.1 ,7.8 ,6.5 ,3.4 ,6.2 ,9.9 ,7.2 
A;GROWRT;TR41,16.6 e,16.3 e,21.8 ,18.8 ,24.6 ,11.5 ,12.2 ,18.2 ,15.9 ,18.7 ,21.1 ,13.7 
A;GROWRT;TR42,19.3 e,19.0 e,28.4 ,17.9 ,16.4 ,21.1 ,18.2 ,21.2 ,21.1 ,26.7 ,27.8 ,22.8 
A;GROWRT;TR51,20.1 e,19.7 e,18.2 ,22.1 ,25.7 ,24.7 ,15.1 ,15.9 ,20.6 ,23.1 ,14.3 ,18.3 
A;GROWRT;TR52,8.0 e,7.7 e,6.8 ,11.1 ,9.8 ,11.5 ,6.6 ,12.8 ,13.7 ,10.0 ,14.3 ,8.2 
A;GROWRT;TR61,22.4 e,21.9 e,21.7 ,30.5 ,35.4 ,7.3 ,21.3 ,24.9 ,22.7 ,24.0 ,16.3 ,15.0 
A;GROWRT;TR62,9.9 e,9.6 e,7.4 ,20.2 ,8.1 ,11.6 ,8.4 ,12.1 ,9.8 ,9.1 ,11.9 ,8.7 
A;GROWRT;TR63,12.0 e,11.6 e,22.2 ,17.2 ,15.7 ,3.1 ,8.3 ,12.7 ,12.2 ,8.7 ,14.8 ,12.6 
A;GROWRT;TR71,1.9 e,1.5 e,7.8 ,8.0 ,-5.7 ,-0.4 ,3.8 ,5.8 ,-1.2 ,4.6 ,20.7 ,8.9 
A;GROWRT;TR72,3.9 e,3.8 e,1.8 ,11.6 ,11.3 ,-2.1 ,1.5 ,5.0 ,6.2 ,0.4 ,9.3 ,6.4 
A;GROWRT;TR81,0.1 e,-0.4 e,4.2 ,5.9 ,8.0 ,-15.2 ,0.7 ,0.8 ,-1.4 ,4.0 ,8.4 ,2.6 
A;GROWRT;TR82,2.6 e,2.1 e,6.1 ,11.7 ,-4.0 ,-4.1 ,7.4 ,23.9 ,-8.7 ,1.0 ,11.3 ,-0.6 
A;GROWRT;TR83,-1.2 e,-1.9 e,-3.0 ,7.2 ,0.4 ,-8.4 ,0.1 ,-1.2 ,0.9 ,1.5 ,11.5 ,7.4 
A;GROWRT;TR90,3.6 e,3.2 e,7.5 ,7.6 ,-4.1 ,-1.3 ,12.8 ,3.3 ,5.2 ,2.3 ,27.9 ,-4.6 
A;GROWRT;TRA1,-1.0 e,-1.6 e,-12.9 ,0.9 ,5.9 ,4.1 ,-0.9 ,-8.9 ,4.9 ,-3.5 ,13.5 ,-5.4 
A;GROWRT;TRA2,2.1 e,1.7 e,2.5 ,-4.1 ,-1.9 ,20.9 ,-2.8 ,-7.8 ,-5.7 ,-6.3 ,-7.5 ,-6.6 
A;GROWRT;TRB1,8.0 e,7.7 e,15.5 ,1.5 ,-0.7 ,23.5 ,6.0 ,4.7 ,5.4 ,5.7 ,6.7 ,8.3 
A;GROWRT;TRB2,10.9 e,10.6 e,17.5 ,8.9 ,5.1 ,11.6 ,17.7 ,5.0 ,8.7 ,6.3 ,-4.1 ,6.1 
A;GROWRT;TRC1,20.6 e,20.2 e,24.9 ,19.6 ,21.2 ,23.4 ,18.9 ,20.1 ,17.7 ,18.6 ,18.7 ,15.1 
A;GROWRT;TRC2,22.5 e,22.1 e,27.5 ,19.9 ,20.1 ,29.3 ,20.2 ,16.3 ,20.7 ,18.7 ,18.8 ,19.7 
A;GROWRT;TRC3,14.7 e,14.3 e,20.4 ,2.3 ,7.9 ,35.3 ,13.6 ,15.1 ,17.4 ,9.2 ,2.7 ,19.5 
A;GROWRT;UKC1,3.7 ,4.1 ,2.9 ,3.1 ,4.2 ,3.0 ,2.4 ,2.7 ,2.5 ,3.4 ,3.6 ,3.0 
A;GROWRT;UKC2,2.2 ,2.6 ,2.4 ,3.6 ,4.0 ,3.1 ,3.0 ,3.5 ,2.8 ,3.4 ,4.0 ,2.7 
A;GROWRT;UKD1,3.8 ,2.1 ,0.0 ,-0.7 ,-1.0 ,-0.9 ,-1.3 ,-0.8 ,0.2 ,0.4 ,-0.2 ,-0.9 
A;GROWRT;UKD3,6.7 ,7.3 ,7.9 ,7.9 ,8.6 ,7.3 ,5.2 ,5.3 ,7.4 ,9.2 ,8.1 ,6.6 
A;GROWRT;UKD4,3.2 ,1.8 ,1.2 ,2.1 ,2.9 ,2.7 ,2.3 ,1.9 ,3.0 ,4.4 ,4.6 ,2.2 
A;GROWRT;UKD6,6.2 ,5.4 ,3.5 ,2.9 ,3.2 ,3.7 ,3.4 ,3.9 ,4.5 ,4.6 ,4.9 ,3.8 
A;GROWRT;UKD7,0.2 ,0.8 ,2.0 ,3.0 ,3.7 ,3.9 ,2.6 ,2.6 ,4.6 ,6.0 ,5.3 ,4.0 
A;GROWRT;UKE1,4.0 ,4.7 ,2.8 ,1.6 ,2.7 ,3.2 ,2.1 ,1.5 ,1.8 ,2.4 ,2.6 ,2.0 
A;GROWRT;UKE2,5.6 ,6.1 ,4.9 ,5.3 ,6.4 ,5.6 ,4.8 ,3.3 ,3.1 ,4.9 ,5.0 ,3.3 
A;GROWRT;UKE3,5.0 ,6.0 ,6.7 ,6.6 ,7.5 ,7.2 ,5.5 ,5.1 ,6.2 ,7.0 ,6.5 ,5.6 
A;GROWRT;UKE4,6.2 ,7.1 ,6.6 ,6.3 ,6.7 ,6.2 ,5.2 ,4.8 ,6.0 ,7.3 ,6.4 ,5.4 
A;GROWRT;UKF1,5.2 ,6.0 ,6.6 ,6.8 ,6.5 ,5.9 ,5.8 ,6.0 ,6.3 ,7.0 ,7.8 ,5.6 
A;GROWRT;UKF2,11.6 ,10.3 ,8.3 ,7.9 ,8.7 ,8.4 ,7.7 ,8.9 ,11.1 ,12.5 ,12.9 ,8.7 
A;GROWRT;UKF3,12.0 ,11.1 ,8.5 ,7.8 ,6.5 ,5.1 ,6.8 ,8.8 ,8.8 ,8.7 ,9.3 ,6.2 
A;GROWRT;UKG1,8.2 ,7.9 ,5.6 ,3.5 ,3.8 ,4.5 ,4.5 ,5.1 ,5.4 ,6.0 ,8.0 ,4.7 
A;GROWRT;UKG2,6.7 ,6.7 ,5.3 ,4.7 ,5.8 ,4.9 ,4.0 ,4.2 ,4.1 ,5.3 ,6.7 ,3.8 
A;GROWRT;UKG3,5.7 ,7.6 ,8.5 ,8.5 ,9.7 ,9.1 ,7.6 ,7.9 ,9.4 ,11.4 ,10.9 ,8.6 
A;GROWRT;UKH1,8.6 ,9.1 ,8.3 ,8.7 ,9.8 ,7.6 ,5.6 ,7.3 ,9.0 ,7.8 ,7.0 ,6.3 
A;GROWRT;UKH2,8.5 ,10.1 ,10.3 ,10.5 ,11.6 ,10.8 ,10.4 ,12.0 ,12.3 ,11.5 ,7.6 ,9.8 
A;GROWRT;UKH3,7.1 ,7.9 ,7.2 ,6.6 ,7.2 ,7.0 ,7.4 ,9.5 ,10.0 ,8.8 ,8.2 ,8.4 
A;GROWRT;UKI3,2.0 ,0.8 ,3.8 ,6.0 ,7.7 ,9.3 ,8.1 ,11.0 ,15.6 ,13.3 ,8.2 ,9.0 
A;GROWRT;UKI4,18.0 ,22.3 ,23.8 ,21.4 ,21.4 ,20.6 ,18.4 ,19.4 ,20.4 ,18.4 ,12.6 ,15.0 
A;GROWRT;UKI5,11.6 ,14.9 ,17.0 ,17.6 ,18.5 ,15.0 ,12.3 ,13.9 ,14.8 ,14.4 ,10.3 ,12.8 
A;GROWRT;UKI6,6.8 ,9.1 ,10.0 ,9.0 ,10.0 ,11.4 ,11.8 ,11.0 ,10.2 ,9.2 ,5.9 ,10.1 
A;GROWRT;UKI7,12.9 ,14.8 ,17.4 ,17.7 ,17.2 ,14.3 ,10.4 ,10.3 ,10.1 ,9.1 ,6.2 ,8.9 
A;GROWRT;UKJ1,9.6 ,10.1 ,9.2 ,9.6 ,9.9 ,8.8 ,8.5 ,9.1 ,9.4 ,9.1 ,7.1 ,7.1 
A;GROWRT;UKJ2,9.5 ,9.3 ,7.8 ,8.5 ,9.0 ,8.1 ,8.2 ,8.8 ,8.9 ,8.6 ,6.7 ,7.4 
A;GROWRT;UKJ3,5.6 ,6.5 ,6.8 ,8.0 ,8.7 ,7.5 ,6.1 ,6.2 ,7.3 ,7.7 ,6.5 ,5.6 
A;GROWRT;UKJ4,11.0 ,11.6 ,9.5 ,9.7 ,10.5 ,9.7 ,9.3 ,9.7 ,9.7 ,9.7 ,9.3 ,8.6 
A;GROWRT;UKK1,9.3 ,9.3 ,7.3 ,7.0 ,7.9 ,8.3 ,8.5 ,9.3 ,10.2 ,10.0 ,8.5 ,8.5 
A;GROWRT;UKK2,8.5 ,8.8 ,5.0 ,5.5 ,7.8 ,7.1 ,5.8 ,5.8 ,6.5 ,7.2 ,6.4 ,5.7 
A;GROWRT;UKK3,6.7 ,6.7 ,4.1 ,4.4 ,7.0 ,7.9 ,7.4 ,7.1 ,7.8 ,8.3 ,9.9 ,7.2 
A;GROWRT;UKK4,6.5 ,6.2 ,2.7 ,2.2 ,4.3 ,5.6 ,5.7 ,7.1 ,8.1 ,7.3 ,7.6 ,6.2 
A;GROWRT;UKL1,5.4 ,5.4 ,3.7 ,2.5 ,2.9 ,3.1 ,2.2 ,2.1 ,2.2 ,2.8 ,3.3 ,1.5 
A;GROWRT;UKL2,7.6 ,8.9 ,8.4 ,6.5 ,6.1 ,5.5 ,4.5 ,4.4 ,3.5 ,4.4 ,5.8 ,3.8 
A;GROWRT;UKM2,7.6 ,8.2 ,7.1 ,7.0 ,8.5 ,7.3 ,4.5 ,4.7 ,5.5 e,6.0 ,6.5 e,: 
A;GROWRT;UKM3,2.6 ,4.1 ,3.9 ,3.5 ,4.1 ,2.4 ,0.1 ,1.1 ,1.8 e,1.1 ,3.2 e,: 
A;GROWRT;UKM5,11.7 ,11.0 ,10.0 ,11.0 ,10.7 ,9.8 ,9.1 ,9.3 ,7.6 ,2.6 ,-1.7 ,6.7 
A;GROWRT;UKM6,9.1 ,9.7 ,7.3 ,5.6 ,5.2 ,1.7 ,0.3 ,1.3 ,1.2 ,2.2 ,1.1 ,2.8 
A;GROWRT;UKM7,: ,: ,: ,: ,: ,7.8 ,4.7 ,4.9 ,6.5 ,7.9 ,7.3 ,6.0 
A;GROWRT;UKM8,: ,: ,: ,: ,: ,3.4 ,0.7 ,2.2 ,4.1 ,6.7 ,6.9 ,3.4 
A;GROWRT;UKM9,: ,: ,: ,: ,: ,0.9 ,-0.9 ,-0.9 ,-0.4 ,0.8 ,1.2 ,0.5 
A;GROWRT;UKN0,9.7 ,10.2 ,8.9 ,7.2 ,5.8 ,5.2 ,4.3 ,4.7 ,5.9 ,5.8 ,5.2 ,5.0 
A;NATGROWRT;AL01,: ,: ,: ,: ,: ,: ,: ,: ,5.8 ,4.2 ,4.4 ,3.9 
A;NATGROWRT;AL02,: ,: ,: ,: ,: ,: ,: ,: ,6.3 ,5.0 ,4.9 ,4.5 
A;NATGROWRT;AL03,: ,: ,: ,: ,: ,: ,: ,: ,2.6 ,1.2 ,1.1 ,0.1 
A;NATGROWRT;AT11,-3.2 ,-3.1 ,-3.0 ,-2.9 ,-3.2 ,-3.1 ,-4.0 ,-3.9 ,-3.5 ,-3.6 ,-3.1 ,-3.9 
A;NATGROWRT;AT12,-0.6 ,-1.1 ,-1.0 ,-1.4 ,-1.1 ,-1.2 ,-1.7 ,-1.5 ,-1.2 ,-1.6 ,-0.9 ,-1.2 
A;NATGROWRT;AT13,0.8 ,0.6 ,1.0 ,0.5 ,1.0 ,1.3 ,1.1 ,1.3 ,1.8 ,1.9 ,2.6 ,2.2 
A;NATGROWRT;AT21,-0.8 ,-1.1 ,-1.2 ,-1.8 ,-1.6 ,-1.6 ,-2.1 ,-2.1 ,-1.9 ,-2.5 ,-1.9 ,-2.1 
A;NATGROWRT;AT22,-1.0 ,-1.0 ,-1.2 ,-1.6 ,-1.2 ,-1.2 ,-1.4 ,-1.2 ,-1.2 ,-1.4 ,-0.9 ,-1.2 
A;NATGROWRT;AT31,1.2 ,0.9 ,1.1 ,0.7 ,0.9 ,0.8 ,0.7 ,0.4 ,1.3 ,0.7 ,1.7 ,1.2 
A;NATGROWRT;AT32,1.8 ,1.9 ,2.2 ,1.3 ,1.8 ,1.5 ,1.6 ,1.4 ,2.1 ,1.8 ,2.1 ,2.1 
A;NATGROWRT;AT33,2.7 ,2.1 ,2.2 ,1.8 ,1.9 ,2.0 ,1.8 ,1.8 ,2.0 ,2.1 ,2.4 ,2.4 
A;NATGROWRT;AT34,3.7 ,3.3 ,3.5 ,3.2 ,3.4 ,3.2 ,2.9 ,2.5 ,3.4 ,2.9 ,3.6 ,3.0 
A;NATGROWRT;BE10,6.5 ,6.7 ,7.9 ,8.6 ,8.5 ,8.2 ,7.8 ,7.7 ,8.1 b,7.5 ,7.5 ,7.3 
A;NATGROWRT;BE21,1.9 ,2.2 ,2.8 ,2.6 ,2.9 ,2.9 ,2.3 ,2.0 ,2.5 b,1.6 ,1.9 ,1.5 
A;NATGROWRT;BE22,2.5 ,2.7 ,2.6 ,2.5 ,2.7 ,2.6 ,1.9 ,1.6 ,1.9 b,1.0 ,1.1 ,0.6 
A;NATGROWRT;BE23,1.4 ,1.3 ,1.9 ,1.9 ,1.9 ,1.7 ,1.0 ,0.7 ,1.2 b,0.5 ,0.6 ,0.2 
A;NATGROWRT;BE24,2.1 ,2.0 ,1.8 ,1.7 ,1.9 ,1.6 ,1.3 ,1.3 ,1.5 b,0.8 ,1.1 ,0.8 
A;NATGROWRT;BE25,0.1 ,0.1 ,0.2 ,-0.3 ,-0.1 ,-0.1 ,-0.7 ,-1.2 ,-0.9 b,-1.5 ,-1.0 ,-1.9 
A;NATGROWRT;BE31,2.5 ,2.1 ,1.5 ,2.2 ,2.0 ,1.6 ,1.2 ,1.4 ,1.1 b,0.7 ,0.9 ,0.5 
A;NATGROWRT;BE32,0.4 ,0.3 ,0.0 ,0.0 ,0.3 ,0.3 ,-0.2 ,-0.4 ,-0.1 b,-0.9 ,-1.0 ,-0.8 
A;NATGROWRT;BE33,0.7 ,0.2 ,0.6 ,0.8 ,1.0 ,0.9 ,0.7 ,0.4 ,0.8 b,-0.2 ,0.2 ,-0.1 
A;NATGROWRT;BE34,2.9 ,2.9 ,2.1 ,1.5 ,2.8 ,2.7 ,2.7 ,2.1 ,2.4 b,1.7 ,0.9 ,1.1 
A;NATGROWRT;BE35,1.6 ,1.7 ,1.3 ,1.4 ,1.6 ,1.6 ,0.7 ,0.3 ,0.5 b,-0.1 ,0.0 ,-0.6 
A;NATGROWRT;BG31,-11.0 ,-11.0 ,-10.1 ,-9.6 ,-11.0 ,-10.8 ,-11.5 ,-10.6 ,-11.5 ,-11.8 ,-11.7 ,-12.4 
A;NATGROWRT;BG32,-7.9 ,-7.6 ,-7.1 ,-6.4 ,-7.6 ,-8.0 ,-8.2 ,-7.8 ,-8.7 ,-9.0 ,-8.7 ,-9.8 
A;NATGROWRT;BG33,-2.9 ,-2.9 ,-2.5 ,-1.9 ,-3.3 ,-3.4 ,-4.2 ,-4.1 ,-4.8 ,-5.4 ,-5.1 ,-5.8 
A;NATGROWRT;BG34,-3.7 ,-3.5 ,-3.2 ,-2.6 ,-4.1 ,-4.1 ,-4.4 ,-4.1 ,-4.8 ,-5.1 ,-4.8 ,-5.4 
A;NATGROWRT;BG41,-4.0 ,-3.7 ,-2.6 ,-2.0 ,-2.5 ,-3.3 ,-3.7 ,-3.6 ,-3.6 ,-4.1 ,-4.0 ,-4.1 
A;NATGROWRT;BG42,-4.3 ,-4.2 ,-3.9 ,-2.9 ,-3.9 ,-4.5 ,-4.8 ,-4.5 ,-5.2 ,-5.7 ,-5.7 ,-6.2 
A;NATGROWRT;CH01,3.0 ,3.1 ,3.2 ,3.3 ,3.6 ,3.5 ,3.4 ,3.4 ,3.8 ,3.3 ,3.8 ,3.4 
A;NATGROWRT;CH02,0.5 ,0.5 ,0.9 ,0.9 ,1.0 ,1.1 ,1.1 ,0.9 ,1.2 ,1.1 ,1.5 ,1.3 
A;NATGROWRT;CH03,1.2 ,1.3 ,1.6 ,1.2 ,1.7 ,1.7 ,1.7 ,1.6 ,2.0 ,1.6 ,2.2 ,2.1 
A;NATGROWRT;CH04,2.8 ,2.9 ,3.3 ,3.5 ,3.7 ,3.8 ,3.8 ,3.7 ,4.4 ,3.9 ,4.3 ,4.0 
A;NATGROWRT;CH05,1.0 ,0.9 ,0.9 ,1.2 ,1.3 ,1.8 ,1.4 ,1.8 ,1.9 ,2.1 ,2.4 ,1.9 
A;NATGROWRT;CH06,3.0 ,2.8 ,3.1 ,2.8 ,3.0 ,3.1 ,3.2 ,2.9 ,3.2 ,2.8 ,3.4 ,3.0 
A;NATGROWRT;CH07,0.1 ,0.2 ,0.6 ,0.2 ,-0.1 ,0.2 ,-0.5 ,-0.6 ,0.0 ,-1.0 ,-0.5 ,-1.3 
A;NATGROWRT;CY00,4.8 ,4.2 ,5.1 ,5.5 ,5.7 ,4.8 ,5.2 ,4.9 ,4.5 ,3.9 ,4.7 ,3.8 
A;NATGROWRT;CZ01,0.2 ,0.8 ,1.7 ,1.7 ,2.1 ,1.5 ,1.4 ,1.4 ,2.0 ,1.9 ,2.2 ,2.4 
A;NATGROWRT;CZ02,0.6 ,1.7 ,2.5 ,2.0 ,2.2 ,1.5 ,1.3 ,1.0 ,1.7 ,1.2 ,1.5 ,1.5 
A;NATGROWRT;CZ03,0.1 ,0.9 ,1.2 ,0.9 ,0.8 ,-0.3 ,-0.1 ,-0.6 ,-0.1 ,-0.6 ,0.1 ,0.0 
A;NATGROWRT;CZ04,0.4 ,1.3 ,1.6 ,0.9 ,0.5 ,-0.2 ,-0.9 ,-1.4 ,-0.8 ,-1.3 ,-1.0 ,-1.2 
A;NATGROWRT;CZ05,0.1 ,1.3 ,1.5 ,1.3 ,1.2 ,0.0 ,-0.1 ,-0.4 ,0.2 ,-0.2 ,0.5 ,0.0 
A;NATGROWRT;CZ06,0.1 ,0.7 ,1.6 ,1.1 ,1.0 ,0.6 ,0.3 ,0.3 ,1.1 ,0.5 ,1.0 ,0.8 
A;NATGROWRT;CZ07,-0.1 ,0.5 ,0.8 ,0.3 ,0.2 ,-0.7 ,-0.8 ,-1.0 ,-0.5 ,-0.8 ,-0.3 ,-0.5 
A;NATGROWRT;CZ08,-0.2 ,0.6 ,0.3 ,0.0 ,-0.2 ,-1.3 ,-1.1 ,-1.4 ,-0.9 ,-1.4 ,-0.9 ,-1.2 
A;NATGROWRT;DE11,0.3 ,0.2 ,-0.1 ,-0.4 ,-0.4 ,-0.4 ,-0.7 ,-0.6 ,0.0 ,-0.2 ,0.6 ,0.3 
A;NATGROWRT;DE12,-0.8 ,-0.8 ,-1.1 ,-1.5 ,-1.5 ,-1.5 ,-1.6 ,-1.6 ,-1.0 ,-1.3 ,-0.7 ,-1.0 
A;NATGROWRT;DE13,-0.4 ,-0.2 ,-0.6 ,-0.8 ,-0.9 ,-1.0 ,-1.2 ,-1.3 ,-0.9 ,-1.1 ,-0.1 ,-0.4 
A;NATGROWRT;DE14,0.5 ,0.3 ,0.0 ,-0.2 ,-0.3 ,-0.5 ,-0.8 ,-0.5 ,-0.2 ,-0.5 ,0.4 ,0.3 
A;NATGROWRT;DE21,0.5 ,0.8 ,0.6 ,0.4 ,0.5 ,0.4 ,0.6 ,0.8 ,1.3 ,0.9 ,1.7 ,1.4 
A;NATGROWRT;DE22,-1.9 ,-1.7 ,-1.8 ,-2.6 ,-2.3 ,-2.7 ,-2.5 ,-2.6 ,-2.3 ,-2.6 ,-1.7 ,-2.0 
A;NATGROWRT;DE23,-1.8 ,-1.9 ,-2.3 ,-2.4 ,-2.4 ,-2.6 ,-2.6 ,-2.7 ,-2.0 ,-2.5 ,-1.8 ,-1.8 
A;NATGROWRT;DE24,-3.8 ,-3.7 ,-4.0 ,-4.5 ,-4.3 ,-4.3 ,-4.7 ,-4.7 ,-4.0 ,-4.8 ,-3.7 ,-4.1 
A;NATGROWRT;DE25,-1.9 ,-1.5 ,-1.8 ,-2.1 ,-2.0 ,-2.3 ,-2.0 ,-1.9 ,-1.4 ,-1.8 ,-0.6 ,-1.2 
A;NATGROWRT;DE26,-1.7 ,-1.9 ,-2.2 ,-2.6 ,-2.6 ,-2.7 ,-2.8 ,-2.8 ,-2.2 ,-2.7 ,-1.7 ,-2.0 
A;NATGROWRT;DE27,-1.3 ,-1.1 ,-1.3 ,-1.7 ,-1.7 ,-1.9 ,-1.7 ,-1.6 ,-0.9 ,-1.2 ,-0.1 ,-0.3 
A;NATGROWRT;DE30,-0.6 ,0.1 ,0.0 ,0.1 ,0.3 ,0.5 ,0.7 ,0.7 ,1.5 ,1.1 ,2.0 ,1.6 
A;NATGROWRT;DE40,-3.3 ,-3.2 ,-3.2 ,-3.5 ,-3.6 ,-3.9 ,-4.0 ,-4.6 ,-3.9 ,-4.7 ,-4.0 ,-4.6 
A;NATGROWRT;DE50,-2.6 ,-2.6 ,-2.7 ,-3.3 ,-2.9 ,-3.1 ,-2.8 ,-3.3 ,-1.9 ,-2.0 ,-0.9 ,-1.3 
A;NATGROWRT;DE60,-0.6 ,-0.2 ,-0.2 ,-0.2 ,0.2 ,0.0 ,0.4 ,0.5 ,1.3 ,1.2 ,2.3 ,1.9 
A;NATGROWRT;DE71,-0.3 ,-0.1 ,-0.3 ,-0.6 ,-0.4 ,-0.5 ,-0.6 ,-0.8 ,0.1 ,-0.4 ,0.6 ,0.3 
A;NATGROWRT;DE72,-1.6 ,-2.2 ,-2.2 ,-2.6 ,-2.3 ,-2.4 ,-2.9 ,-3.1 ,-2.5 ,-2.9 ,-1.9 ,-2.5 
A;NATGROWRT;DE73,-2.9 ,-3.0 ,-3.8 ,-4.1 ,-3.6 ,-3.9 ,-4.2 ,-4.6 ,-3.5 ,-4.2 ,-3.1 ,-3.2 
A;NATGROWRT;DE80,-2.7 ,-2.9 ,-2.8 ,-3.2 ,-3.3 ,-3.7 ,-3.9 ,-4.5 ,-3.8 ,-4.4 ,-4.3 ,-4.8 
A;NATGROWRT;DE91,-3.4 ,-3.2 ,-3.7 ,-4.0 ,-4.0 ,-4.1 ,-4.1 ,-4.7 ,-3.7 ,-4.2 ,-3.2 ,-3.7 
A;NATGROWRT;DE92,-2.5 ,-2.6 ,-2.8 ,-3.4 ,-3.2 ,-3.3 ,-3.7 ,-3.7 ,-3.1 ,-3.7 ,-2.1 ,-3.0 
A;NATGROWRT;DE93,-2.2 ,-2.2 ,-2.8 ,-3.1 ,-3.0 ,-3.5 ,-3.7 ,-3.8 ,-3.0 ,-3.3 ,-2.7 ,-3.0 
A;NATGROWRT;DE94,-0.8 ,-0.9 ,-1.3 ,-1.8 ,-1.7 ,-2.0 ,-2.1 ,-2.6 ,-1.5 ,-2.1 ,-1.2 ,-1.2 
A;NATGROWRT;DEA1,-2.6 ,-2.6 ,-2.9 ,-3.3 ,-3.2 ,-3.3 ,-3.3 ,-3.7 ,-2.7 ,-3.1 ,-2.0 ,-2.2 
A;NATGROWRT;DEA2,-0.8 ,-0.7 ,-0.9 ,-1.4 ,-1.1 ,-1.2 ,-1.4 ,-1.8 ,-0.9 ,-1.2 ,-0.4 ,-0.8 
A;NATGROWRT;DEA3,-1.5 ,-1.5 ,-2.0 ,-2.2 ,-2.2 ,-2.5 ,-2.4 ,-2.7 ,-1.9 ,-2.1 ,-1.4 ,-1.6 
A;NATGROWRT;DEA4,-1.0 ,-1.1 ,-1.4 ,-1.8 ,-1.7 ,-1.8 ,-2.2 ,-2.4 ,-1.6 ,-1.8 ,-1.2 ,-1.5 
A;NATGROWRT;DEA5,-2.9 ,-2.9 ,-3.4 ,-3.6 ,-3.8 ,-4.0 ,-4.0 ,-4.3 ,-3.4 ,-3.9 ,-3.0 ,-2.9 
A;NATGROWRT;DEB1,-3.2 ,-3.0 ,-3.2 ,-4.1 ,-3.9 ,-4.0 ,-4.3 ,-4.4 ,-3.9 ,-3.9 ,-3.2 ,-3.5 
A;NATGROWRT;DEB2,-2.6 ,-2.2 ,-2.5 ,-2.8 ,-2.7 ,-3.0 ,-2.9 ,-3.0 ,-2.5 ,-2.8 ,-1.9 ,-2.2 
A;NATGROWRT;DEB3,-2.0 ,-1.9 ,-2.3 ,-2.7 ,-2.4 ,-2.6 ,-2.7 ,-2.8 ,-1.9 ,-2.2 ,-1.3 ,-1.7 
A;NATGROWRT;DEC0,-4.8 ,-4.9 ,-5.2 ,-5.5 ,-5.1 ,-5.2 ,-5.4 ,-6.0 ,-5.3 ,-6.0 ,-4.7 ,-5.0 
A;NATGROWRT;DED2,-2.7 ,-2.4 ,-2.5 ,-2.8 ,-2.7 ,-2.7 ,-3.0 ,-3.2 ,-2.6 ,-3.6 ,-2.9 ,-3.5 
A;NATGROWRT;DED4,: ,: ,: ,: ,: ,-6.3 ,-6.2 ,-6.9 ,-6.2 ,-6.9 ,-6.4 ,-6.9 
A;NATGROWRT;DED5,: ,: ,: ,: ,: ,-2.6 ,-2.7 ,-2.8 ,-2.0 ,-2.2 ,-1.5 ,-2.2 
A;NATGROWRT;DEE0,-5.0 ,-4.9 ,-5.1 ,-5.6 ,-5.7 ,-5.8 ,-5.9 ,-6.5 ,-6.1 ,-6.7 ,-6.0 ,-6.7 
A;NATGROWRT;DEF0,-2.5 ,-2.5 ,-2.8 ,-3.2 ,-3.0 ,-3.4 ,-3.4 ,-3.9 ,-3.1 ,-3.6 ,-2.9 ,-3.3 
A;NATGROWRT;DEG0,-4.0 ,-3.8 ,-3.9 ,-4.4 ,-4.1 ,-4.4 ,-4.5 ,-4.7 ,-4.2 ,-5.0 ,-4.5 ,-5.2 
A;NATGROWRT;DK01,: ,2.8 ,3.0 ,2.9 ,3.3 ,3.0 ,3.1 ,2.7 ,3.4 ,3.3 ,3.9 ,3.8 
A;NATGROWRT;DK02,: ,-0.6 ,-0.5 ,-1.2 ,-1.3 ,-2.1 ,-2.3 ,-2.6 ,-2.3 ,-2.1 ,-1.8 ,-2.2 
A;NATGROWRT;DK03,: ,0.8 ,1.4 ,0.4 ,0.7 ,0.0 ,-0.1 ,-0.4 ,-0.4 ,-0.3 ,0.1 ,-0.1 
A;NATGROWRT;DK04,: ,2.8 ,3.1 ,2.9 ,2.9 ,2.7 ,2.0 ,1.6 ,1.8 ,1.9 ,2.6 ,2.3 
A;NATGROWRT;DK05,: ,-0.1 ,0.6 ,-0.1 ,-0.1 ,-0.5 ,-0.4 ,-1.3 ,-0.6 ,-0.7 ,-0.3 ,0.2 
A;NATGROWRT;EE00,-1.8 ,-1.2 ,-0.5 ,-0.2 ,0.0 ,-0.4 ,-1.1 ,-1.3 ,-1.5 ,-1.0 b,-1.0 ,-1.3 
A;NATGROWRT;EL30,1.7 ,1.3 ,2.0 ,1.8 ,1.5 ,0.7 ,-0.3 ,-0.7 ,-0.9 ,-1.7 ,-1.5 ,-2.4 
A;NATGROWRT;EL41,-3.5 ,-2.9 ,-1.8 ,-2.4 ,-2.0 ,-2.5 ,-3.7 ,-3.3 ,-3.5 ,-4.3 ,-3.2 ,-3.3 
A;NATGROWRT;EL42,3.0 ,3.0 ,3.7 ,3.6 ,3.3 ,1.6 ,2.0 ,1.6 ,1.4 ,1.0 ,1.8 ,1.4 
A;NATGROWRT;EL43,2.9 ,2.9 ,4.0 ,4.0 ,3.4 ,2.0 ,1.7 ,1.2 ,0.9 ,0.3 ,1.0 ,-0.2 
A;NATGROWRT;EL51,-0.4 ,-0.9 ,-0.3 ,-0.3 ,-1.1 ,-1.6 ,-2.9 ,-3.2 ,-3.6 ,-4.1 ,-3.9 ,-5.1 
A;NATGROWRT;EL52,1.3 ,0.9 ,1.6 ,1.5 ,0.8 ,0.0 ,-1.4 ,-1.5 ,-2.3 ,-2.9 ,-2.7 ,-3.8 
A;NATGROWRT;EL53,-1.0 ,-1.3 ,-1.3 ,-1.1 ,-1.5 ,-2.7 ,-3.5 ,-3.7 ,-3.6 ,-4.7 ,-4.5 ,-5.2 
A;NATGROWRT;EL54,-1.7 ,-2.2 ,-1.9 ,-1.2 ,-0.9 ,-2.3 ,-3.4 ,-3.5 ,-3.5 ,-4.7 ,-4.3 ,-5.2 
A;NATGROWRT;EL61,-0.2 ,-1.3 ,-0.3 ,-0.6 ,-0.6 ,-1.7 ,-2.9 ,-2.8 ,-3.4 ,-3.7 ,-4.1 ,-4.7 
A;NATGROWRT;EL62,-1.6 ,-1.6 ,-0.8 ,-1.2 ,-0.7 ,-1.5 ,-3.2 ,-2.4 ,-2.9 ,-4.4 ,-3.7 ,-4.6 
A;NATGROWRT;EL63,-1.0 ,-1.4 ,-0.2 ,-0.3 ,-0.6 ,-1.3 ,-2.6 ,-2.5 ,-2.7 ,-3.5 ,-3.2 ,-4.0 
A;NATGROWRT;EL64,-1.7 ,-2.5 ,-1.4 ,-1.2 ,-1.3 ,-3.2 ,-4.0 ,-3.2 ,-3.9 ,-4.7 ,-4.2 ,-5.2 
A;NATGROWRT;EL65,-2.8 ,-3.1 ,-2.4 ,-2.3 ,-2.3 ,-3.4 ,-4.4 ,-4.1 ,-4.3 ,-5.5 ,-4.6 ,-5.9 
A;NATGROWRT;ES11,-2.9 ,-3.1 ,-2.3 ,-2.8 ,-2.8 ,-3.0 ,-3.5 ,-3.9 ,-3.8 ,-4.5 ,-4.7 ,-5.0 
A;NATGROWRT;ES12,-4.5 ,-4.5 ,-4.2 ,-4.2 ,-4.6 ,-4.6 ,-5.2 ,-5.7 ,-5.9 ,-6.8 ,-6.6 ,-6.9 
A;NATGROWRT;ES13,-0.4 ,-0.4 ,0.6 ,0.2 ,0.2 ,-0.4 ,-1.3 ,-1.3 ,-2.3 ,-2.9 ,-2.9 ,-3.2 
A;NATGROWRT;ES21,0.7 ,0.6 ,0.9 ,0.6 ,0.8 ,0.6 ,0.1 ,-0.3 ,-0.4 ,-1.2 ,-1.4 ,-2.1 
A;NATGROWRT;ES22,2.7 ,2.3 ,2.8 ,2.7 ,2.8 ,2.5 ,2.1 ,1.2 ,1.1 ,0.5 ,0.3 ,-0.2 
A;NATGROWRT;ES23,1.4 ,1.4 ,2.1 ,1.8 ,1.6 ,0.9 ,0.5 ,0.1 ,-0.2 ,-1.2 ,-1.0 ,-1.6 
A;NATGROWRT;ES24,-0.6 ,-0.3 ,0.2 ,-0.2 ,-0.2 ,-0.7 ,-1.3 ,-1.3 ,-1.6 ,-2.3 ,-1.9 ,-2.8 
A;NATGROWRT;ES30,5.3 ,5.4 ,6.0 ,5.5 ,5.2 ,4.7 ,4.1 ,3.6 ,3.5 ,2.8 ,2.8 ,2.1 
A;NATGROWRT;ES41,-2.5 ,-2.9 ,-2.4 ,-2.6 ,-2.6 ,-2.8 ,-3.6 ,-3.9 ,-4.0 ,-4.8 ,-4.8 ,-5.5 
A;NATGROWRT;ES42,1.6 ,1.4 ,2.4 ,2.2 ,2.2 ,1.6 ,0.6 ,0.4 ,0.0 ,-0.8 ,-0.7 ,-1.6 
A;NATGROWRT;ES43,-0.2 ,-0.7 ,0.3 ,-0.4 ,-0.6 ,-0.6 ,-1.7 ,-2.0 ,-1.5 ,-2.4 ,-2.3 ,-2.9 
A;NATGROWRT;ES51,3.5 ,3.3 ,4.0 ,3.4 ,3.3 ,2.8 ,1.9 ,1.4 ,1.4 ,0.8 ,0.8 ,0.1 
A;NATGROWRT;ES52,3.0 ,3.0 ,3.4 ,2.5 ,2.3 ,1.7 ,1.1 ,0.7 ,0.6 ,-0.2 ,-0.1 ,-0.9 
A;NATGROWRT;ES53,4.5 ,4.6 ,4.9 ,3.9 ,3.9 ,3.3 ,2.7 ,2.6 ,2.5 ,2.0 ,2.3 ,1.7 
A;NATGROWRT;ES61,4.1 ,3.8 ,4.3 ,3.6 ,3.3 ,2.9 ,2.1 ,1.9 ,1.9 ,1.0 ,1.2 ,0.4 
A;NATGROWRT;ES62,6.1 ,6.1 ,6.3 ,5.7 ,5.5 ,4.9 ,4.1 ,4.1 ,4.0 ,3.2 ,3.2 ,2.4 
A;NATGROWRT;ES63,7.6 ,8.0 ,8.8 ,7.7 ,8.2 ,7.9 ,7.6 ,6.6 ,8.2 ,7.0 ,6.5 ,5.7 
A;NATGROWRT;ES64,9.8 ,9.7 ,11.0 ,11.7 ,12.3 ,12.2 ,12.6 ,12.5 ,13.5 ,11.7 ,11.4 ,10.0 
A;NATGROWRT;ES70,4.1 ,3.4 ,3.6 ,3.0 ,2.7 ,1.9 ,1.5 ,1.1 ,1.0 ,0.5 ,0.5 ,0.2 
A;NATGROWRT;FI19,1.5 ,1.2 ,1.3 ,1.5 ,1.3 ,1.0 ,1.2 ,0.7 ,0.3 ,0.0 ,-0.8 ,-1.4 
A;NATGROWRT;FI1B,5.2 ,4.9 ,5.2 ,5.0 ,4.8 ,4.7 ,4.3 ,4.3 ,4.0 ,3.7 ,3.1 ,2.7 
A;NATGROWRT;FI1C,-0.3 ,-0.6 ,-0.4 ,-0.7 ,-0.5 ,-0.7 ,-1.1 ,-1.4 ,-1.5 ,-1.8 ,-2.8 ,-3.0 
A;NATGROWRT;FI1D,1.2 ,1.2 ,0.9 ,1.4 ,1.2 ,1.2 ,0.6 ,0.4 ,0.0 ,-0.7 ,-1.4 ,-2.0 
A;NATGROWRT;FI20,1.4 ,1.4 ,1.6 ,0.7 ,1.9 ,0.3 ,-1.1 ,0.6 ,1.1 ,-0.3 ,-0.1 ,1.5 
A;NATGROWRT;FR10,9.8 ,9.5 ,9.4 ,9.4 ,9.6 ,9.4 ,9.1 p,9.0 ,9.3 ,8.7 ,8.5 ,8.2 
A;NATGROWRT;FR21,3.1 ,3.0 ,2.8 ,2.6 ,2.7 ,2.6 ,1.9 p,1.8 ,1.9 p,0.8 p,0.6 p,: 
A;NATGROWRT;FR22,4.7 ,4.4 ,4.2 ,4.1 ,4.3 ,4.2 ,3.6 p,3.4 ,3.5 p,2.7 p,2.0 p,: 
A;NATGROWRT;FR23,4.3 ,4.4 ,4.2 ,4.0 ,4.3 ,4.2 ,3.8 p,3.3 ,3.2 p,2.5 p,2.4 p,: 
A;NATGROWRT;FR24,2.7 ,2.5 ,2.4 ,2.1 ,2.3 ,2.3 ,1.9 p,1.5 ,1.7 p,0.5 p,0.4 p,: 
A;NATGROWRT;FR25,2.6 ,2.1 ,1.9 ,1.7 ,1.4 ,1.4 ,0.6 p,0.2 ,0.3 p,-0.6 p,-1.2 p,: 
A;NATGROWRT;FR26,0.6 ,0.6 ,0.4 ,0.2 ,0.3 ,-0.1 ,-0.3 p,-0.5 ,-0.3 p,-1.3 p,-1.8 p,: 
A;NATGROWRT;FR30,5.3 ,5.1 ,5.0 ,5.0 ,5.1 ,5.1 ,4.6 p,4.5 ,4.7 p,3.7 p,3.3 p,: 
A;NATGROWRT;FR41,3.0 ,2.7 ,2.6 ,2.4 ,2.3 ,2.1 ,1.7 p,1.5 ,1.6 p,0.5 p,0.3 p,: 
A;NATGROWRT;FR42,4.9 ,4.7 ,4.5 ,4.1 ,4.4 ,4.2 ,3.7 p,3.5 ,3.8 p,2.8 p,2.7 p,: 
A;NATGROWRT;FR43,4.3 ,4.2 ,4.1 ,3.6 ,3.7 ,3.2 ,2.8 p,2.7 ,2.6 p,1.8 p,1.5 p,: 
A;NATGROWRT;FR51,5.1 ,4.6 ,4.5 ,4.4 ,4.4 ,4.2 ,3.6 p,3.4 ,3.4 p,2.2 p,1.9 p,: 
A;NATGROWRT;FR52,2.6 ,2.2 ,2.2 ,1.9 ,1.8 ,1.8 ,1.2 p,0.9 ,0.9 p,-0.1 p,-0.5 p,: 
A;NATGROWRT;FR53,0.8 ,0.6 ,0.7 ,0.2 ,0.3 ,0.0 ,-0.5 p,-0.9 ,-0.4 p,-1.7 p,-1.9 p,: 
A;NATGROWRT;FR61,1.4 ,1.3 ,1.2 ,1.2 ,1.1 ,1.2 ,0.5 p,0.6 ,0.6 p,-0.2 p,-0.2 p,: 
A;NATGROWRT;FR62,2.2 ,2.1 ,2.0 ,1.9 ,1.8 ,2.0 ,1.6 p,1.4 ,1.7 p,0.8 p,0.6 p,: 
A;NATGROWRT;FR63,-2.0 ,-2.1 ,-2.5 ,-2.4 ,-2.6 ,-2.6 ,-2.8 p,-3.3 ,-2.8 p,-4.1 p,-4.1 p,: 
A;NATGROWRT;FR71,6.0 ,5.7 ,5.7 ,5.5 ,5.6 ,5.6 ,5.2 p,5.1 ,5.3 p,4.5 p,4.2 p,: 
A;NATGROWRT;FR72,0.2 ,-0.2 ,-0.5 ,-0.6 ,-0.5 ,-0.6 ,-1.1 p,-1.1 ,-0.8 p,-1.9 p,-2.0 p,: 
A;NATGROWRT;FR81,2.3 ,2.1 ,2.1 ,1.8 ,1.8 ,1.9 ,1.3 p,1.4 ,1.3 p,0.6 p,0.2 p,: 
A;NATGROWRT;FR82,2.9 ,2.6 ,2.7 ,2.6 ,2.8 ,2.8 ,2.5 p,2.6 ,2.6 p,1.8 p,1.6 p,: 
A;NATGROWRT;FR83,0.2 ,0.3 ,0.4 ,0.5 ,0.1 ,0.4 ,0.3 p,-0.4 ,-0.2 p,-0.7 p,-0.5 p,: 
A;NATGROWRT;FRA1,: ,: ,: ,: ,: ,: ,: ,6.2 ,5.1 p,5.4 p,4.4 p,: 
A;NATGROWRT;FRA2,6.8 ,6.3 ,6.4 ,6.1 ,5.2 ,4.4 ,4.2 p,3.2 ,2.7 p,2.4 p,1.3 p,: 
A;NATGROWRT;FRA3,26.6 ,26.4 ,24.7 ,24.1 ,22.8 ,23.2 ,24.1 p,23.0 ,22.8 p,23.0 p,23.5 p,: 
A;NATGROWRT;FRA4,12.9 ,13.5 ,13.3 ,12.4 ,12.0 ,12.2 ,12.1 p,11.6 ,11.5 p,11.2 p,10.5 p,: 
A;NATGROWRT;FRA5,: ,: ,: ,: ,: ,: ,: ,: ,: ,36.2 p,36.0 p,: 
A;NATGROWRT;FRB0,2.7 ,2.5 ,2.4 ,2.1 ,2.3 ,2.3 p,1.9 p,1.5 ,1.7 ,0.5 ,0.4 ,-0.2 
A;NATGROWRT;FRC1,0.6 ,0.6 ,0.4 ,0.2 ,0.3 ,-0.1 p,-0.3 p,-0.5 ,-0.3 ,-1.3 ,-1.8 ,-2.3 
A;NATGROWRT;FRC2,4.3 ,4.2 ,4.1 ,3.6 ,3.7 ,3.2 p,2.8 p,2.7 ,2.6 ,1.8 ,1.5 ,0.9 
A;NATGROWRT;FRD1,2.6 ,2.1 ,1.9 ,1.7 ,1.4 ,1.4 p,0.6 p,0.2 ,0.3 ,-0.6 ,-1.2 ,-1.6 
A;NATGROWRT;FRD2,4.3 ,4.4 ,4.2 ,4.0 ,4.3 ,4.2 p,3.8 p,3.3 ,3.2 ,2.5 ,2.4 ,1.8 
A;NATGROWRT;FRE1,5.3 ,5.1 ,5.0 ,5.0 ,5.1 ,5.1 p,4.6 p,4.5 ,4.7 ,3.7 ,3.3 ,2.8 
A;NATGROWRT;FRE2,4.7 ,4.4 ,4.2 ,4.1 ,4.3 ,4.2 p,3.6 p,3.4 ,3.5 ,2.7 ,2.1 ,1.9 
A;NATGROWRT;FRF1,4.9 ,4.7 ,4.5 ,4.1 ,4.4 ,4.2 p,3.7 p,3.5 ,3.8 ,2.8 ,2.7 ,2.3 
A;NATGROWRT;FRF2,3.1 ,3.0 ,2.8 ,2.6 ,2.7 ,2.6 p,1.9 p,1.8 ,1.9 ,0.8 ,0.6 ,-0.3 
A;NATGROWRT;FRF3,3.0 ,2.7 ,2.6 ,2.4 ,2.3 ,2.1 p,1.7 p,1.5 ,1.6 ,0.5 ,0.3 ,0.0 
A;NATGROWRT;FRG0,5.1 ,4.6 ,4.5 ,4.4 ,4.4 ,4.2 p,3.6 p,3.4 ,3.4 ,2.2 ,1.9 ,1.5 
A;NATGROWRT;FRH0,2.6 ,2.2 ,2.2 ,1.9 ,1.8 ,1.8 p,1.2 p,0.9 ,0.9 ,-0.1 ,-0.5 ,-0.8 
A;NATGROWRT;FRI1,1.4 ,1.3 ,1.2 ,1.2 ,1.1 ,1.2 p,0.5 p,0.6 ,0.6 ,-0.2 ,-0.2 ,-0.8 
A;NATGROWRT;FRI2,-2.0 ,-2.1 ,-2.5 ,-2.4 ,-2.6 ,-2.6 p,-2.8 p,-3.3 ,-2.8 ,-4.1 ,-4.1 ,-4.3 
A;NATGROWRT;FRI3,0.8 ,0.6 ,0.7 ,0.2 ,0.3 ,0.0 p,-0.5 p,-0.9 ,-0.4 ,-1.7 ,-1.9 ,-2.6 
A;NATGROWRT;FRJ1,2.3 ,2.1 ,2.1 ,1.8 ,1.8 ,1.9 p,1.3 p,1.4 ,1.3 ,0.6 ,0.2 ,-0.2 
A;NATGROWRT;FRJ2,2.2 ,2.1 ,2.0 ,1.9 ,1.8 ,2.0 p,1.6 p,1.4 ,1.7 ,0.8 ,0.6 ,0.0 
A;NATGROWRT;FRK1,0.2 ,-0.2 ,-0.5 ,-0.6 ,-0.5 ,-0.6 p,-1.1 p,-1.1 ,-0.8 ,-1.9 ,-2.0 ,-2.5 
A;NATGROWRT;FRK2,6.0 ,5.7 ,5.7 ,5.5 ,5.6 ,5.6 p,5.2 p,5.1 ,5.3 ,4.5 ,4.2 ,3.8 
A;NATGROWRT;FRL0,2.9 ,2.6 ,2.7 ,2.6 ,2.8 ,2.8 p,2.5 p,2.6 ,2.6 ,1.8 ,1.6 ,1.2 
A;NATGROWRT;FRM0,0.2 ,0.3 ,0.4 ,0.5 ,0.1 ,0.4 p,0.3 p,-0.4 ,-0.2 ,-0.7 ,-0.5 ,-0.7 
A;NATGROWRT;FRY1,: ,: ,: ,: ,: ,: ,: ,6.2 ,5.1 ,5.4 ,4.4 ,3.2 
A;NATGROWRT;FRY2,6.8 ,6.3 ,6.4 ,6.1 ,5.2 ,4.4 p,4.2 p,3.2 ,2.7 ,2.4 ,1.3 ,1.1 
A;NATGROWRT;FRY3,26.6 ,26.4 ,24.7 ,24.1 ,22.8 ,23.2 p,24.1 p,23.0 ,22.7 ,22.6 ,23.3 ,25.1 
A;NATGROWRT;FRY4,12.9 ,13.5 ,13.3 ,12.4 ,12.0 ,12.2 p,12.1 p,11.6 ,11.5 ,11.1 ,10.6 ,10.5 
A;NATGROWRT;FRY5,: ,: ,: ,: ,: ,: ,: ,: ,29.5 ,35.3 ,35.8 ,35.3 
A;NATGROWRT;HR03,-1.2 ,-1.5 ,-1.2 ,-1.1 ,-1.3 ,-1.8 ,-1.9 ,-2.0 ,-2.3 ,-3.6 ,-3.2 ,-4.2 
A;NATGROWRT;HR04,-2.5 ,-2.9 ,-2.3 ,-2.1 ,-2.4 ,-2.6 ,-2.5 ,-2.7 ,-2.8 ,-4.1 ,-3.4 ,-4.1 
A;NATGROWRT;HU10,-2.3 ,-2.4 ,-1.7 ,-1.9 ,-2.3 ,-2.6 p,-2.5 ,-2.4 ,-1.9 ,-2.8 ,-2.1 ,: 
A;NATGROWRT;HU11,: ,: ,: ,: ,: ,: ,: ,-2.8 ,-2.4 ,-3.2 ,-2.6 ,-3.2 
A;NATGROWRT;HU12,: ,: ,: ,: ,: ,: ,: ,-1.7 ,-1.3 ,-2.1 ,-1.3 ,-1.9 
A;NATGROWRT;HU21,-3.2 ,-3.2 ,-2.9 ,-3.6 ,-3.9 ,-4.2 p,-3.8 ,-3.8 ,-3.4 ,-4.4 ,-3.5 ,-4.3 
A;NATGROWRT;HU22,-3.3 ,-4.0 ,-3.7 ,-4.2 ,-4.9 ,-5.0 p,-4.9 ,-4.7 ,-4.2 ,-4.4 ,-3.8 ,-4.2 
A;NATGROWRT;HU23,-4.3 ,-4.7 ,-4.4 ,-4.9 ,-5.7 ,-5.4 p,-5.6 ,-5.3 ,-4.7 ,-5.8 ,-5.0 ,-5.7 
A;NATGROWRT;HU31,-3.8 ,-4.4 ,-4.1 ,-4.7 ,-5.4 ,-5.3 p,-5.0 ,-4.7 ,-4.2 ,-4.7 ,-3.9 ,-4.4 
A;NATGROWRT;HU32,-2.1 ,-2.5 ,-2.5 ,-2.6 ,-3.4 ,-3.2 p,-3.0 ,-2.6 ,-2.1 ,-2.7 ,-1.8 ,-2.3 
A;NATGROWRT;HU33,-4.6 ,-5.2 ,-4.7 ,-5.0 ,-5.8 ,-6.0 p,-5.9 ,-5.4 ,-5.3 ,-5.8 ,-5.0 ,-5.5 
A;NATGROWRT;IE01,7.4 ,8.3 ,9.5 ,9.1 ,9.1 ,8.6 ,8.0 ,7.4 ,7.0 ,6.5 ,6.3 ,: 
A;NATGROWRT;IE02,9.1 ,10.2 ,10.8 ,10.9 ,10.8 ,10.5 ,9.7 ,8.9 ,8.6 ,7.9 ,7.3 ,: 
A;NATGROWRT;IE04,: ,: ,: ,: ,: ,: ,: ,: ,: ,: ,: ,5.2 
A;NATGROWRT;IE05,: ,: ,: ,: ,: ,: ,8.0 ,: ,: ,: ,: ,5.4 
A;NATGROWRT;IE06,: ,: ,: ,: ,: ,: ,: ,: ,: ,: ,: ,7.8 
A;NATGROWRT;IS00,8.3 ,8.4 ,9.0 ,9.5 ,9.1 ,7.9 ,8.0 ,6.7 ,7.1 ,5.9 ,5.1 ,5.3 
A;NATGROWRT;ITC1,-2.2 ,-2.1 ,-2.2 ,-2.4 ,-2.4 ,-2.6 ,-3.1 ,-3.3 ,-3.3 ,-4.8 ,-4.4 ,-5.2 
A;NATGROWRT;ITC2,0.1 ,-0.3 ,0.3 ,0.3 ,-0.2 ,-0.5 ,-0.8 ,-1.8 ,-1.3 ,-4.1 ,-3.3 ,-4.3 
A;NATGROWRT;ITC3,-5.7 ,-5.6 ,-5.9 ,-6.0 ,-6.0 ,-6.4 ,-6.5 ,-6.8 ,-6.2 ,-7.8 ,-7.0 ,-8.0 
A;NATGROWRT;ITC4,1.1 ,1.1 ,0.9 ,1.0 ,0.8 ,0.5 ,-0.2 ,-0.3 ,-0.4 ,-1.5 ,-1.3 ,-2.0 
A;NATGROWRT;ITF1,-1.7 ,-1.8 ,-1.5 ,-2.4 ,-1.9 ,-2.2 ,-2.5 ,-2.7 ,-2.9 ,-3.9 ,-3.4 ,-4.5 
A;NATGROWRT;ITF2,-3.6 ,-2.9 ,-3.3 ,-3.5 ,-3.0 ,-4.0 ,-4.1 ,-4.1 ,-4.3 ,-5.4 ,-4.8 ,-5.6 
A;NATGROWRT;ITF3,2.6 ,2.2 ,1.9 ,1.6 ,1.3 ,0.8 ,0.4 ,0.1 ,-0.1 ,-1.0 ,-0.5 ,-1.1 
A;NATGROWRT;ITF4,1.2 ,0.9 ,1.0 ,0.6 ,0.6 ,0.0 ,-0.4 ,-0.6 ,-0.9 ,-1.9 ,-1.6 ,-2.5 
A;NATGROWRT;ITF5,-1.2 ,-1.4 ,-1.1 ,-1.6 ,-1.8 ,-2.3 ,-2.6 ,-3.2 ,-3.2 ,-4.0 ,-3.8 ,-4.4 
A;NATGROWRT;ITF6,0.5 ,0.0 ,-0.2 ,-0.4 ,-0.2 ,-0.7 ,-1.2 ,-1.1 ,-1.4 ,-2.0 ,-1.6 ,-2.6 
A;NATGROWRT;ITG1,0.8 ,0.2 ,0.4 ,-0.1 ,0.0 ,-0.6 ,-1.0 ,-1.0 ,-0.9 ,-1.9 ,-1.6 ,-2.6 
A;NATGROWRT;ITG2,-0.4 ,-0.5 ,-0.6 ,-0.9 ,-0.6 ,-1.3 ,-1.9 ,-2.0 ,-2.4 ,-3.3 ,-3.4 ,-4.0 
A;NATGROWRT;ITH1,3.5 ,3.7 ,3.2 ,2.9 ,3.0 ,2.7 ,2.4 ,2.4 ,2.7 ,1.9 ,2.3 ,1.8 
A;NATGROWRT;ITH2,1.3 ,1.2 ,1.5 ,1.4 ,1.4 ,1.3 ,0.9 ,0.5 ,0.2 ,-0.4 ,-0.6 ,-1.1 
A;NATGROWRT;ITH3,1.0 ,0.9 ,0.8 ,0.7 ,0.4 ,0.0 ,-0.5 ,-0.9 ,-1.1 ,-2.2 ,-2.0 ,-2.6 
A;NATGROWRT;ITH4,-2.8 ,-2.5 ,-3.2 ,-3.1 ,-3.1 ,-3.4 ,-3.8 ,-3.9 ,-3.7 ,-5.1 ,-4.6 ,-5.2 
A;NATGROWRT;ITH5,-1.5 ,-1.4 ,-1.4 ,-1.3 ,-1.3 ,-1.7 ,-2.3 ,-2.2 ,-2.5 ,-3.5 ,-3.3 ,-4.1 
A;NATGROWRT;ITI1,-2.3 ,-2.4 ,-2.4 ,-2.7 ,-2.4 ,-2.8 ,-3.4 ,-3.4 ,-3.3 ,-4.8 ,-4.2 ,-4.9 
A;NATGROWRT;ITI2,-2.0 ,-1.9 ,-2.2 ,-2.2 ,-2.3 ,-2.5 ,-3.2 ,-3.1 ,-3.2 ,-4.8 ,-4.4 ,-5.3 
A;NATGROWRT;ITI3,-1.3 ,-1.3 ,-1.1 ,-1.1 ,-1.4 ,-1.7 ,-2.5 ,-2.7 ,-2.9 ,-4.1 ,-3.8 ,-5.1 
A;NATGROWRT;ITI4,0.8 ,0.5 ,0.9 ,0.3 ,0.1 ,0.1 ,-0.5 ,-0.4 ,-0.8 ,-1.7 ,-1.6 ,-2.6 
A;NATGROWRT;LI00,4.0 ,3.5 ,4.1 ,5.0 ,2.5 ,4.0 ,3.6 ,2.5 ,2.8 ,1.9 ,2.8 ,2.3 
A;NATGROWRT;LT00,-4.7 ,-4.8 ,-3.8 ,-3.1 ,-3.7 ,-3.6 ,-3.5 ,-3.9 ,-3.4 ,-3.5 ,-3.7 ,: 
A;NATGROWRT;LT01,: ,: ,: ,: ,: ,: ,: ,-1.3 ,-0.6 ,-0.3 ,0.0 ,-0.2 
A;NATGROWRT;LT02,: ,: ,: ,: ,: ,: ,: ,-4.9 ,-4.4 ,-4.8 ,-5.1 ,-5.6 
A;NATGROWRT;LU00,3.7 ,3.4 ,4.1 ,4.0 ,4.2 ,3.5 ,4.0 ,4.2 ,4.0 ,3.7 ,3.6 ,3.2 b
A;NATGROWRT;LV00,-4.6 ,-4.1 ,-3.0 ,-3.7 ,-4.9 ,-4.7 ,-4.5 ,-4.0 ,-3.4 ,-3.3 ,-3.4 ,-4.1 
A;NATGROWRT;ME00,2.5 ,3.0 ,4.1 ,4.5 ,2.9 ,2.2 ,2.5 ,2.5 ,2.4 ,1.7 ,1.8 ,1.5 
A;NATGROWRT;MK00,1.9 ,1.5 ,1.9 ,2.3 ,2.5 ,1.6 p,1.7 p,1.9 ,1.9 ,1.2 ,1.2 ,0.7 
A;NATGROWRT;MT00,1.4 ,1.6 ,1.9 ,2.0 ,2.1 ,2.2 ,1.7 ,1.9 ,2.1 ,2.0 ,2.5 ,1.6 
A;NATGROWRT;NL11,1.0 ,1.1 ,1.1 ,1.2 ,0.7 ,1.0 ,0.2 ,-0.1 ,0.2 ,-0.3 ,-0.3 ,-1.0 
A;NATGROWRT;NL12,2.0 ,2.5 ,2.3 ,2.3 ,2.2 ,1.6 ,1.0 ,0.5 ,0.8 ,-0.1 ,-0.4 ,-0.5 
A;NATGROWRT;NL13,1.4 ,1.0 ,0.8 ,1.0 ,0.3 ,-0.1 ,-0.9 ,-1.3 ,-0.6 ,-1.9 ,-1.8 ,-2.1 
A;NATGROWRT;NL21,3.8 ,4.0 ,3.8 ,3.6 ,3.5 ,3.0 ,2.6 ,2.1 ,2.2 ,1.6 ,1.4 ,0.9 
A;NATGROWRT;NL22,3.0 ,2.5 ,2.7 ,2.5 ,2.2 ,2.0 ,1.2 ,1.2 ,1.4 ,0.8 ,0.7 ,0.4 
A;NATGROWRT;NL23,8.5 ,8.6 ,8.2 ,8.5 ,8.2 ,7.4 ,7.0 ,6.1 ,7.0 ,6.1 ,5.7 ,5.6 
A;NATGROWRT;NL31,5.7 ,6.0 ,5.6 ,5.7 ,5.4 ,4.9 ,4.8 ,4.2 ,4.6 ,3.9 ,3.8 ,3.7 
A;NATGROWRT;NL32,3.6 ,3.6 ,3.6 ,4.0 ,4.0 ,3.4 ,2.8 ,2.7 ,3.0 ,2.3 ,2.4 ,2.3 
A;NATGROWRT;NL33,3.3 ,3.0 ,3.5 ,3.6 ,3.6 ,3.7 ,3.2 ,2.8 ,3.4 ,2.5 ,2.6 ,2.3 
A;NATGROWRT;NL34,0.6 ,0.5 ,0.7 ,0.6 ,-0.1 ,0.2 ,-0.3 ,-0.8 ,0.3 ,-0.9 ,-1.1 ,-1.3 
A;NATGROWRT;NL41,2.8 ,2.6 ,2.7 ,2.6 ,2.5 ,2.1 ,1.4 ,1.2 ,1.4 ,0.6 ,0.7 ,0.3 
A;NATGROWRT;NL42,-0.6 ,-0.7 ,-1.0 ,-0.6 ,-1.0 ,-1.0 ,-1.7 ,-1.8 ,-1.9 ,-2.8 ,-2.3 ,-2.7 
A;NATGROWRT;NO01,7.2 ,7.0 ,7.3 ,7.7 ,7.6 ,7.2 ,7.0 ,6.7 ,6.6 ,5.6 ,6.7 ,6.1 
A;NATGROWRT;NO02,-1.5 ,-1.7 ,-1.3 ,-1.5 ,-1.5 ,-1.4 ,-1.7 ,-2.1 ,-1.5 ,-1.5 ,-1.8 ,-2.0 
A;NATGROWRT;NO03,1.3 ,0.8 ,1.3 ,1.4 ,1.4 ,1.4 ,1.0 ,0.9 ,1.4 ,1.2 ,0.9 ,0.6 
A;NATGROWRT;NO04,5.8 ,5.4 ,6.0 ,6.4 ,6.4 ,5.8 ,5.8 ,5.6 ,5.6 ,5.8 ,5.3 ,4.7 
A;NATGROWRT;NO05,3.5 ,3.6 ,3.9 ,4.3 ,4.0 ,3.8 ,3.7 ,3.5 ,3.6 ,3.9 ,3.5 ,3.2 
A;NATGROWRT;NO06,3.3 ,3.3 ,4.1 ,4.2 ,3.9 ,3.4 ,3.5 ,3.8 ,3.6 ,3.8 ,3.5 ,2.9 
A;NATGROWRT;NO07,2.3 ,2.1 ,2.3 ,2.6 ,2.2 ,1.8 ,1.6 ,1.6 ,1.5 ,2.1 ,1.4 ,0.9 
A;NATGROWRT;PL11,-3.1 ,-3.2 ,-2.3 ,-2.3 ,-2.2 ,-2.7 ,-3.0 ,-3.5 ,-2.8 ,-3.6 ,-3.0 ,: 
A;NATGROWRT;PL12,0.1 ,0.4 ,1.1 ,1.0 ,1.4 ,0.8 ,0.5 ,0.2 ,0.7 ,0.5 ,0.9 ,: 
A;NATGROWRT;PL21,1.2 ,1.4 ,2.2 ,2.3 ,2.3 ,1.8 ,1.4 ,1.2 ,1.4 ,1.0 ,1.7 ,1.9 
A;NATGROWRT;PL22,-0.8 ,-0.8 ,-0.2 ,-0.2 ,0.0 ,-0.6 ,-1.0 ,-1.4 ,-1.1 ,-1.9 ,-1.4 ,-1.4 
A;NATGROWRT;PL31,-0.5 ,-0.7 ,-0.2 ,-0.3 ,-0.2 ,-0.8 ,-0.6 ,-1.5 ,-1.1 ,-1.5 ,-1.2 ,: 
A;NATGROWRT;PL32,1.3 ,1.5 ,1.9 ,1.8 ,1.8 ,1.4 ,1.3 ,0.9 ,0.8 ,0.1 ,0.6 ,: 
A;NATGROWRT;PL33,-1.9 ,-1.4 ,-0.9 ,-0.8 ,-1.2 ,-1.7 ,-1.9 ,-2.8 ,-2.3 ,-3.1 ,-2.7 ,: 
A;NATGROWRT;PL34,-0.7 ,-0.5 ,0.3 ,0.0 ,0.1 ,-0.4 ,-0.6 ,-1.3 ,-0.7 ,-1.3 ,-0.8 ,: 
A;NATGROWRT;PL41,1.6 ,2.1 ,2.9 ,2.7 ,2.9 ,2.1 ,1.8 ,1.2 ,1.7 ,1.0 ,1.7 ,2.1 
A;NATGROWRT;PL42,0.4 ,0.8 ,1.1 ,0.9 ,0.5 ,-0.1 ,-0.3 ,-0.9 ,-0.4 ,-1.3 ,-0.8 ,-0.9 
A;NATGROWRT;PL43,1.1 ,1.3 ,1.8 ,1.7 ,1.4 ,0.8 ,0.8 ,-0.3 ,0.2 ,-0.7 ,-0.2 ,0.0 
A;NATGROWRT;PL51,-0.9 ,-0.8 ,-0.2 ,-0.4 ,-0.1 ,-0.6 ,-1.1 ,-1.6 ,-1.0 ,-1.8 ,-1.1 ,-1.3 
A;NATGROWRT;PL52,-0.9 ,-1.1 ,-0.6 ,-0.4 ,-0.7 ,-1.1 ,-1.3 ,-2.1 ,-1.3 ,-2.3 ,-1.4 ,-1.9 
A;NATGROWRT;PL61,0.7 ,0.7 ,1.6 ,1.3 ,1.0 ,0.6 ,0.2 ,-0.3 ,0.0 ,-0.6 ,-0.3 ,-0.2 
A;NATGROWRT;PL62,1.7 ,1.9 ,2.5 ,2.3 ,2.0 ,1.3 ,0.6 ,-0.2 ,0.6 ,-0.5 ,-0.4 ,0.1 
A;NATGROWRT;PL63,2.5 ,2.7 ,3.5 ,3.5 ,3.4 ,2.5 ,2.0 ,1.7 ,2.0 ,1.6 ,2.1 ,2.5 
A;NATGROWRT;PL71,: ,: ,: ,: ,: ,: ,: ,-3.5 ,-2.8 ,-3.6 ,-3.0 ,-3.0 
A;NATGROWRT;PL72,: ,: ,: ,: ,: ,: ,: ,-2.8 ,-2.3 ,-3.1 ,-2.7 ,-2.8 
A;NATGROWRT;PL81,: ,: ,: ,: ,: ,: ,: ,-1.5 ,-1.1 ,-1.5 ,-1.2 ,-1.2 
A;NATGROWRT;PL82,: ,: ,: ,: ,: ,: ,: ,0.9 ,0.8 ,0.1 ,0.6 ,1.2 
A;NATGROWRT;PL84,: ,: ,: ,: ,: ,: ,: ,-1.3 ,-0.7 ,-1.3 ,-0.8 ,-0.4 
A;NATGROWRT;PL91,: ,: ,: ,: ,: ,: ,: ,: ,1.5 ,1.3 ,2.0 ,1.7 
A;NATGROWRT;PL92,: ,: ,: ,: ,: ,: ,: ,: ,-0.3 ,-0.7 ,-0.5 ,-0.2 
A;NATGROWRT;PT11,1.3 ,0.7 ,0.9 ,0.3 ,0.2 ,0.0 ,-1.2 ,-1.7 ,-1.7 ,-1.7 e,-1.7 ,-1.9 
A;NATGROWRT;PT15,0.6 ,0.5 ,0.4 ,0.3 ,0.8 ,-0.1 ,-1.5 ,-2.4 ,-2.1 ,-1.7 e,-2.4 ,-2.4 
A;NATGROWRT;PT16,-2.3 ,-2.9 ,-3.0 ,-3.3 ,-3.4 ,-3.4 ,-4.7 ,-5.1 ,-4.9 ,-5.0 e,-5.2 ,-5.4 
A;NATGROWRT;PT17,2.4 ,2.3 ,2.6 ,2.1 ,2.2 ,2.1 ,1.1 ,0.3 ,0.6 ,0.4 e,0.5 ,0.6 
A;NATGROWRT;PT18,-4.5 ,-5.1 ,-5.3 ,-5.4 ,-5.4 ,-5.2 ,-6.0 ,-6.5 ,-6.5 ,-6.8 e,-7.2 ,-6.8 
A;NATGROWRT;PT20,1.9 ,2.4 ,2.3 ,1.4 ,1.0 ,1.5 ,1.1 ,-0.4 ,0.0 ,-0.2 e,-0.6 ,-0.1 
A;NATGROWRT;PT30,1.3 ,0.6 ,0.4 ,-1.0 ,-0.4 ,-0.3 ,-2.0 ,-2.3 ,-3.8 ,-2.6 e,-3.0 ,-2.2 
A;NATGROWRT;RO11,-1.6 ,-1.4 ,-0.9 ,-1.2 ,-1.5 p,-1.8 p,-1.8 ,-2.3 ,-1.8 ,-2.1 ,-1.5 ,-1.7 
A;NATGROWRT;RO12,-0.7 ,-0.5 ,-0.1 ,-0.2 ,-0.7 p,-0.9 p,-1.0 ,-1.1 ,-1.0 ,-1.6 ,-1.3 ,-1.2 
A;NATGROWRT;RO21,0.8 ,0.5 ,0.5 ,-0.2 ,-1.2 p,-1.2 p,-1.2 ,-1.6 ,-1.4 ,-1.6 ,-1.8 ,-1.9 
A;NATGROWRT;RO22,-1.4 ,-1.6 ,-1.6 ,-1.8 ,-2.5 p,-3.3 p,-3.7 ,-3.8 ,-3.9 ,-4.0 ,-4.2 ,-4.6 
A;NATGROWRT;RO31,-3.6 ,-3.5 ,-3.4 ,-3.4 ,-4.0 p,-4.5 p,-4.8 ,-5.1 ,-5.2 ,-5.3 ,-5.5 ,-5.6 
A;NATGROWRT;RO32,-1.3 ,-1.1 ,-0.1 ,0.4 ,0.1 p,-0.9 p,-1.1 ,-0.9 ,-0.5 ,-0.7 ,-0.5 ,-0.1 
A;NATGROWRT;RO41,-4.4 ,-4.2 ,-4.3 ,-4.1 ,-4.8 p,-4.7 p,-5.0 ,-5.2 ,-5.6 ,-5.8 ,-5.3 ,-5.6 
A;NATGROWRT;RO42,-3.4 ,-3.0 ,-2.5 ,-2.9 ,-3.4 p,-3.7 p,-3.5 ,-3.9 ,-3.5 ,-3.8 ,-3.3 ,-3.8 
A;NATGROWRT;RS11,: ,: ,: ,: ,: ,: ,: ,: ,: ,: ,: ,-2.2 
A;NATGROWRT;RS12,: ,: ,: ,: ,: ,: ,: ,: ,: ,: ,: ,-5.4 
A;NATGROWRT;RS21,: ,: ,: ,: ,: ,: ,: ,: ,: ,: ,: ,-6.5 
A;NATGROWRT;RS22,: ,: ,: ,: ,: ,: ,: ,: ,: ,: ,: ,-8.1 
A;NATGROWRT;SE11,5.9 ,6.0 ,6.3 ,6.7 ,6.9 ,6.3 ,6.4 ,6.7 ,6.4 ,6.1 ,6.0 ,5.7 
A;NATGROWRT;SE12,0.8 ,0.9 ,1.1 ,1.2 ,2.0 ,1.5 ,1.7 ,1.7 ,2.2 ,2.0 ,2.0 ,1.8 
A;NATGROWRT;SE21,-0.7 ,-0.5 ,-0.1 ,0.2 ,0.5 ,0.1 ,0.2 ,0.4 ,1.0 ,0.6 ,1.3 ,0.7 
A;NATGROWRT;SE22,1.7 ,1.7 ,2.1 ,2.6 ,2.8 ,2.6 ,2.2 ,2.4 ,2.8 ,2.5 ,2.6 ,2.3 
A;NATGROWRT;SE23,1.8 ,1.9 ,2.0 ,2.7 ,2.9 ,2.4 ,2.3 ,2.5 ,2.8 ,2.5 ,2.8 ,2.2 
A;NATGROWRT;SE31,-2.4 ,-2.1 ,-2.3 ,-2.0 ,-1.4 ,-1.4 ,-1.7 ,-1.7 ,-0.9 ,-1.3 ,-0.7 ,-0.6 
A;NATGROWRT;SE32,-2.3 ,-2.1 ,-1.5 ,-2.2 ,-1.5 ,-2.0 ,-2.0 ,-2.1 ,-1.8 ,-1.7 ,-1.1 ,-1.3 
A;NATGROWRT;SE33,0.0 ,-0.4 ,-0.4 ,0.1 ,0.0 ,-0.1 ,-0.8 ,-0.2 ,-0.3 ,-0.3 ,0.2 ,-0.2 
A;NATGROWRT;SI03,-0.7 ,-0.6 ,0.5 b,0.2 ,0.4 ,0.2 ,0.0 ,-0.4 ,0.0 ,-0.8 ,-0.8 ,-1.1 
A;NATGROWRT;SI04,1.6 ,2.1 ,3.2 b,3.0 ,3.4 ,3.2 ,2.8 ,2.3 ,2.4 ,1.8 ,1.6 ,1.0 
A;NATGROWRT;SK01,0.1 ,0.9 ,1.8 ,2.8 ,2.7 ,3.4 ,2.9 ,2.4 ,3.3 ,3.1 ,3.6 ,3.5 
A;NATGROWRT;SK02,-1.8 ,-1.9 ,-1.2 ,-0.7 ,-0.7 ,-0.4 ,-1.3 ,-1.2 ,-1.2 ,-1.7 ,-1.2 ,-1.5 
A;NATGROWRT;SK03,-0.4 ,-0.4 ,0.0 ,0.7 ,0.4 ,0.9 ,-0.2 ,-0.2 ,-0.1 ,-0.6 ,0.1 ,-0.1 
A;NATGROWRT;SK04,2.8 ,2.6 ,3.3 ,4.3 ,3.8 ,3.9 ,2.5 ,2.4 ,2.5 ,2.2 ,3.0 ,2.8 
A;NATGROWRT;TR10,: ,: ,: ,12.2 ,12.3 ,11.8 ,12.4 ,12.3 ,12.8 ,12.5 ,12.0 ,11.3 
A;NATGROWRT;TR21,: ,: ,: ,5.7 ,5.5 ,5.7 ,6.1 ,6.3 ,6.1 ,6.3 ,6.2 ,6.0 
A;NATGROWRT;TR22,: ,: ,: ,3.1 ,2.9 ,3.0 ,3.2 ,3.2 ,3.0 ,2.1 ,2.0 ,1.8 
A;NATGROWRT;TR31,: ,: ,: ,7.5 ,7.3 ,7.0 ,7.6 ,7.6 ,7.8 ,7.5 ,6.7 ,6.4 
A;NATGROWRT;TR32,: ,: ,: ,7.9 ,7.4 ,7.0 ,7.4 ,7.4 ,7.5 ,6.9 ,6.4 ,6.2 
A;NATGROWRT;TR33,: ,: ,: ,7.7 ,7.6 ,6.9 ,7.2 ,7.3 ,7.2 ,6.7 ,6.2 ,5.9 
A;NATGROWRT;TR41,: ,: ,: ,8.6 ,8.4 ,8.0 ,8.8 ,8.6 ,8.8 ,8.5 ,8.2 ,7.9 
A;NATGROWRT;TR42,: ,: ,: ,10.6 ,10.2 ,9.8 ,10.2 ,10.2 ,10.7 ,10.4 ,10.2 ,9.9 
A;NATGROWRT;TR51,: ,: ,: ,10.2 ,10.1 ,9.9 ,10.0 ,10.1 ,10.5 ,10.2 ,9.7 ,9.2 
A;NATGROWRT;TR52,: ,: ,: ,12.5 ,12.0 ,11.8 ,12.1 ,12.1 ,12.1 ,11.7 ,11.3 ,10.6 
A;NATGROWRT;TR61,: ,: ,: ,10.7 ,10.0 ,9.6 ,10.1 ,9.9 ,10.1 ,10.0 ,9.4 ,8.5 
A;NATGROWRT;TR62,: ,: ,: ,13.1 ,12.8 ,12.3 ,12.8 ,12.6 ,13.0 ,12.4 ,11.6 ,11.1 
A;NATGROWRT;TR63,: ,: ,: ,17.2 ,16.7 ,15.9 ,16.2 ,16.0 ,16.3 ,15.4 ,14.7 ,13.9 
A;NATGROWRT;TR71,: ,: ,: ,11.5 ,10.6 ,9.8 ,9.9 ,9.7 ,9.7 ,9.1 ,8.8 ,8.2 
A;NATGROWRT;TR72,: ,: ,: ,12.2 ,11.4 ,11.0 ,11.0 ,10.6 ,10.7 ,10.0 ,9.4 ,8.9 
A;NATGROWRT;TR81,: ,: ,: ,7.0 ,6.4 ,5.6 ,5.1 ,5.1 ,4.8 ,4.1 ,3.3 ,3.0 
A;NATGROWRT;TR82,: ,: ,: ,3.8 ,3.6 ,2.7 ,2.8 ,2.8 ,1.9 ,1.4 ,1.4 ,0.9 
A;NATGROWRT;TR83,: ,: ,: ,8.3 ,7.8 ,6.9 ,7.1 ,6.9 ,6.5 ,5.9 ,5.4 ,5.1 
A;NATGROWRT;TR90,: ,: ,: ,7.7 ,7.4 ,6.5 ,6.4 ,6.4 ,5.9 ,5.5 ,5.2 ,4.6 
A;NATGROWRT;TRA1,: ,: ,: ,13.7 ,13.7 ,13.2 ,13.4 ,13.2 ,13.5 ,12.6 ,12.3 ,11.7 
A;NATGROWRT;TRA2,: ,: ,: ,21.8 ,22.6 ,20.9 ,21.0 ,20.8 ,21.2 ,20.2 ,19.7 ,19.2 
A;NATGROWRT;TRB1,: ,: ,: ,12.5 ,12.1 ,11.6 ,11.5 ,11.1 ,11.7 ,11.0 ,10.4 ,10.2 
A;NATGROWRT;TRB2,: ,: ,: ,24.9 ,24.7 ,23.4 ,23.3 ,23.8 ,24.2 ,23.0 ,22.2 ,22.2 
A;NATGROWRT;TRC1,: ,: ,: ,21.0 ,20.6 ,20.1 ,20.7 ,20.4 ,21.2 ,20.4 ,19.2 ,18.6 
A;NATGROWRT;TRC2,: ,: ,: ,26.6 ,26.6 ,26.3 ,26.6 ,26.4 ,27.6 ,26.8 ,26.3 ,26.4 
A;NATGROWRT;TRC3,: ,: ,: ,25.2 ,25.0 ,24.0 ,24.3 ,23.9 ,25.0 ,24.0 ,22.2 ,23.0 
A;NATGROWRT;UKC1,1.4 ,1.7 ,1.7 ,1.8 ,2.7 ,2.5 ,2.2 ,1.4 ,1.1 ,0.5 ,0.4 ,0.0 
A;NATGROWRT;UKC2,0.5 ,0.6 ,0.6 ,1.1 ,1.3 ,1.3 ,1.0 ,0.6 ,0.2 ,-0.2 ,0.2 ,-0.3 
A;NATGROWRT;UKD1,-0.9 ,-1.0 ,-0.8 ,-0.5 ,-0.7 ,-0.9 ,-0.8 ,-1.3 ,-1.1 ,-1.6 ,-1.8 ,-2.3 
A;NATGROWRT;UKD3,3.8 ,4.2 ,4.5 ,5.0 ,5.3 ,5.4 ,5.2 ,4.9 ,4.6 ,4.3 ,4.5 ,3.9 
A;NATGROWRT;UKD4,1.5 ,1.5 ,1.8 ,2.0 ,2.2 ,2.2 ,1.9 ,1.5 ,1.5 ,1.0 ,1.0 ,0.4 
A;NATGROWRT;UKD6,1.2 ,1.5 ,1.7 ,1.9 ,2.1 ,2.0 ,1.6 ,1.0 ,1.0 ,0.7 ,0.3 ,0.3 
A;NATGROWRT;UKD7,1.2 ,1.0 ,1.3 ,1.5 ,1.8 ,2.2 ,2.0 ,1.1 ,1.4 ,1.0 ,0.9 ,1.0 
A;NATGROWRT;UKE1,1.2 ,1.2 ,1.3 ,1.6 ,1.9 ,1.8 ,1.7 ,1.0 ,1.0 ,0.4 ,0.2 ,-0.4 
A;NATGROWRT;UKE2,-0.1 ,-0.1 ,0.6 ,0.6 ,0.2 ,0.3 ,0.0 ,-0.6 ,-0.3 ,-0.6 ,-0.7 ,-1.3 
A;NATGROWRT;UKE3,2.3 ,2.3 ,2.6 ,2.8 ,3.0 ,3.2 ,3.1 ,2.3 ,2.4 ,2.0 ,2.0 ,1.7 
A;NATGROWRT;UKE4,4.4 ,4.5 ,4.9 ,5.5 ,5.6 ,5.3 ,5.4 ,4.7 ,4.8 ,4.2 ,4.3 ,3.8 
A;NATGROWRT;UKF1,1.7 ,2.0 ,2.2 ,2.5 ,2.9 ,3.1 ,2.8 ,2.0 ,2.0 ,1.3 ,1.5 ,1.0 
A;NATGROWRT;UKF2,3.7 ,4.5 ,4.4 ,4.5 ,4.6 ,4.6 ,4.5 ,3.7 ,3.8 ,3.5 ,3.6 ,3.1 
A;NATGROWRT;UKF3,-1.0 ,-0.6 ,0.0 ,0.2 ,0.6 ,0.6 ,0.5 ,-0.2 ,0.4 ,-0.6 ,-0.8 ,-1.4 
A;NATGROWRT;UKG1,1.2 ,1.2 ,1.3 ,1.3 ,1.7 ,1.8 ,1.7 ,0.9 ,0.6 ,0.3 ,0.3 ,-0.1 
A;NATGROWRT;UKG2,1.3 ,1.7 ,1.8 ,1.9 ,1.8 ,2.4 ,1.9 ,1.0 ,1.4 ,0.4 ,0.8 ,0.2 
A;NATGROWRT;UKG3,4.6 ,5.3 ,5.6 ,6.1 ,6.1 ,6.5 ,6.5 ,5.8 ,5.5 ,5.0 ,5.4 ,4.8 
A;NATGROWRT;UKH1,1.4 ,1.8 ,2.2 ,2.2 ,2.5 ,2.8 ,2.7 ,1.7 ,1.9 ,1.4 ,1.2 ,0.6 
A;NATGROWRT;UKH2,4.9 ,5.4 ,5.7 ,5.7 ,6.0 ,6.2 ,5.7 ,5.4 ,5.3 ,5.0 ,5.1 ,4.5 
A;NATGROWRT;UKH3,2.2 ,2.7 ,2.7 ,3.2 ,3.0 ,3.0 ,3.2 ,2.4 ,2.5 ,2.0 ,2.1 ,1.8 
A;NATGROWRT;UKI3,: ,: ,: ,: ,: ,: ,: ,8.7 ,8.4 ,7.8 ,7.9 ,7.1 
A;NATGROWRT;UKI4,: ,: ,: ,: ,: ,: ,: ,12.0 ,11.5 ,11.2 ,10.9 ,10.5 
A;NATGROWRT;UKI5,: ,: ,: ,: ,: ,: ,: ,9.0 ,8.8 ,8.8 ,9.1 ,8.6 
A;NATGROWRT;UKI6,: ,: ,: ,: ,: ,: ,: ,7.2 ,7.3 ,7.4 ,7.4 ,7.0 
A;NATGROWRT;UKI7,: ,: ,: ,: ,: ,: ,: ,9.5 ,9.3 ,8.9 ,9.0 ,8.7 
A;NATGROWRT;UKJ1,5.7 ,6.3 ,6.4 ,6.3 ,6.6 ,6.6 ,6.1 ,5.4 ,5.3 ,5.1 ,4.9 ,4.3 
A;NATGROWRT;UKJ2,1.0 ,1.4 ,1.6 ,1.9 ,1.9 ,2.2 ,1.9 ,1.3 ,1.4 ,0.7 ,0.9 ,0.3 
A;NATGROWRT;UKJ3,2.3 ,2.4 ,2.7 ,3.0 ,3.1 ,3.3 ,3.0 ,2.0 ,2.4 ,1.9 ,1.6 ,1.1 
A;NATGROWRT;UKJ4,2.3 ,2.5 ,2.9 ,2.9 ,3.2 ,3.3 ,3.5 ,2.5 ,2.6 ,2.1 ,2.3 ,2.1 
A;NATGROWRT;UKK1,2.6 ,3.0 ,3.3 ,3.2 ,3.8 ,3.8 ,3.8 ,2.7 ,3.1 ,2.4 ,2.3 ,1.9 
A;NATGROWRT;UKK2,-1.1 ,-0.8 ,-0.9 ,-0.4 ,-0.4 ,0.1 ,-0.4 ,-0.9 ,-0.7 ,-1.7 ,-1.8 ,-1.9 
A;NATGROWRT;UKK3,-1.0 ,-1.8 ,-0.9 ,-0.9 ,-0.3 ,0.3 ,-0.3 ,-0.9 ,-0.8 ,-1.4 ,-1.8 ,-2.1 
A;NATGROWRT;UKK4,-0.9 ,-0.6 ,-0.5 ,-0.2 ,-0.1 ,0.3 ,-0.2 ,-0.6 ,-0.6 ,-1.2 ,-1.8 ,-1.8 
A;NATGROWRT;UKL1,0.1 ,-0.2 ,0.2 ,0.3 ,0.7 ,0.8 ,0.4 ,-0.5 ,-0.2 ,-0.9 ,-0.9 ,-1.3 
A;NATGROWRT;UKL2,2.2 ,2.3 ,3.0 ,3.0 ,3.1 ,3.3 ,2.6 ,2.2 ,2.1 ,1.5 ,1.4 ,1.3 
A;NATGROWRT;UKM2,0.8 ,1.1 ,1.5 ,1.5 ,1.6 ,1.5 ,1.0 ,0.8 ,1.1 e,0.0 ,0.0 e,: 
A;NATGROWRT;UKM3,-0.3 ,-0.2 ,0.2 ,0.5 ,0.4 ,0.5 ,0.1 ,-0.2 ,-0.1 e,-1.0 ,-0.9 e,: 
A;NATGROWRT;UKM5,1.2 ,1.6 ,2.2 ,2.7 ,2.3 ,2.4 ,2.6 ,1.8 ,1.9 ,1.8 ,1.7 ,1.0 
A;NATGROWRT;UKM6,-1.2 ,-1.0 ,-0.3 ,-0.2 ,-0.8 ,-1.1 ,-0.8 ,-0.9 ,-1.0 ,-2.3 ,-1.7 ,-2.6 
A;NATGROWRT;UKM7,: ,: ,: ,: ,: ,1.7 ,1.2 ,: ,: ,: ,: ,-0.4 
A;NATGROWRT;UKM8,: ,: ,: ,: ,: ,1.1 ,0.7 ,: ,: ,: ,: ,-0.5 
A;NATGROWRT;UKM9,: ,: ,: ,: ,: ,-0.6 ,-1.2 ,: ,: ,: ,: ,-2.8 
A;NATGROWRT;UKN0,5.0 ,5.6 ,6.0 ,5.9 ,6.0 ,6.1 ,5.8 ,5.1 ,5.3 ,4.7 ,4.7 ,3.8 
